Chủ đề,Từ khoá tổng,Nhóm từ khóa,Key có AIO,TOP lên AIO,Trang đích dự kiến,Volume,Phương án,URL Đúng,URL SERP,Index,Đánh giá LP,Now,2026-07-09 00:00:00,2026-07-02 00:00:00,2026-06-30 00:00:00,2026-06-28 00:00:00,2026-06-25 00:00:00,2026-06-21 00:00:00,2026-06-06 00:00:00,2026-06-02 00:00:00,2026-05-26 00:00:00,2026-05-22 00:00:00,2026-05-14 00:00:00,2026-05-12 00:00:00,2026-05-06 00:00:00,,,,,,,,,,,,,,,,
Bệnh lý – Sầu riêng,bệnh cháy lá sầu riêng,bệnh cháy lá sầu riêng,Yes,2,Blog,110,Viết mới,https://www.hoptrisummit.com/quy-trinh-giai-phap/cay-sau-rieng/chay-la-sau-rieng,https://www.hoptrisummit.com/quy-trinh-giai-phap/cay-sau-rieng/chay-la-sau-rieng,Indexed,Đúng,1,1,1,1,1,1,1,1,1,1,3,3,2,3,,,,,,,,,,,,,,,,
Bệnh lý – Sầu riêng,bệnh cháy lá trên cây sầu riêng,bệnh cháy lá sầu riêng,Yes,2,Blog,30,Viết mới,https://www.hoptrisummit.com/quy-trinh-giai-phap/cay-sau-rieng/chay-la-sau-rieng,https://www.hoptrisummit.com/quy-trinh-giai-phap/cay-sau-rieng/chay-la-sau-rieng,Indexed,Đúng,1,1,1,1,1,1,1,1,1,1,4,4,3,4,,,,,,,,,,,,,,,,
Bệnh lý – Sầu riêng,cách trị cháy lá sầu riêng,bệnh cháy lá sầu riêng,Yes,,Blog,10,Viết mới,https://www.hoptrisummit.com/quy-trinh-giai-phap/cay-sau-rieng/chay-la-sau-rieng,https://www.hoptrisummit.com/quy-trinh-giai-phap/cay-sau-rieng/chay-la-sau-rieng,Indexed,Đúng,1,1,1,1,1,1,1,1,1,-,-,-,-,-,,,,,,,,,,,,,,,,
Bệnh lý – Sầu riêng,cháy lá sầu riêng,bệnh cháy lá sầu riêng,Yes,2,Blog,320,Viết mới,https://www.hoptrisummit.com/quy-trinh-giai-phap/cay-sau-rieng/chay-la-sau-rieng,https://www.hoptrisummit.com/quy-trinh-giai-phap/cay-sau-rieng/chay-la-sau-rieng,Indexed,Đúng,1,1,1,1,1,1,1,1,1,-,-,-,-,-,,,,,,,,,,,,,,,,
Bệnh lý – Sầu riêng,sầu riêng bị cháy lá,bệnh cháy lá sầu riêng,Yes,2,Blog,90,Viết mới,https://www.hoptrisummit.com/quy-trinh-giai-phap/cay-sau-rieng/chay-la-sau-rieng,https://www.hoptrisummit.com/quy-trinh-giai-phap/cay-sau-rieng/chay-la-sau-rieng,Indexed,Đúng,1,1,1,1,1,1,1,1,1,2,2,2,2,2,,,,,,,,,,,,,,,,
Bệnh lý – Sầu riêng,bệnh đốm rong trên cây sầu riêng,bệnh đốm rong trên cây sầu riêng,Yes,4,Blog,70,Viết mới,https://www.hoptrisummit.com/quy-trinh-giai-phap/cay-sau-rieng/benh-dom-rong-tren-cay-sau,http://www.hoptrisummit.com/quy-trinh-giai-phap/cay-sau-rieng/benh-dom-rong-tren-cay-sau,Indexed,Sai,1,1,1,1,2,3,3,3,1,-,-,-,-,-,,,,,,,,,,,,,,,,
Bệnh lý – Sầu riêng,bệnh tảo đỏ trên cây sầu riêng,bệnh đốm rong trên cây sầu riêng,Yes,2,Blog,40,Viết mới,https://www.hoptrisummit.com/quy-trinh-giai-phap/cay-sau-rieng/benh-dom-rong-tren-cay-sau,http://www.hoptrisummit.com/quy-trinh-giai-phap/cay-sau-rieng/benh-dom-rong-tren-cay-sau,Indexed,Sai,1,1,1,1,1,1,1,1,1,-,-,-,-,-,,,,,,,,,,,,,,,,
Bệnh lý – Sầu riêng,đốm rong,bệnh đốm rong trên cây sầu riêng,Yes,2,Blog,30,Viết mới,https://www.hoptrisummit.com/quy-trinh-giai-phap/cay-sau-rieng/benh-dom-rong-tren-cay-sau,http://www.hoptrisummit.com/quy-trinh-giai-phap/cay-sau-rieng/benh-dom-rong-tren-cay-sau,Indexed,Sai,1,1,1,1,2,3,4,3,1,-,28,28,-,-,,,,,,,,,,,,,,,,
Bệnh lý – Sầu riêng,đốm rong sầu riêng,bệnh đốm rong trên cây sầu riêng,Yes,4,Blog,70,Viết mới,https://www.hoptrisummit.com/quy-trinh-giai-phap/cay-sau-rieng/benh-dom-rong-tren-cay-sau,http://www.hoptrisummit.com/quy-trinh-giai-phap/cay-sau-rieng/benh-dom-rong-tren-cay-sau,Indexed,Sai,1,1,1,1,1,3,3,4,1,-,-,-,-,-,,,,,,,,,,,,,,,,
Bệnh lý – Sầu riêng,bệnh nấm hồng trên cây sầu riêng,bệnh nấm hồng trên cây sầu riêng,Yes,6,Blog,110,Viết mới,https://www.hoptrisummit.com/quy-trinh-giai-phap/cay-sau-rieng/benh-nam-hong-tren-cay-sau-rieng,https://www.hoptrisummit.com/quy-trinh-giai-phap/cay-sau-rieng/benh-nam-hong-tren-cay-sau-rieng,Indexed,Đúng,1,1,1,2,1,4,5,7,1,-,-,-,-,-,,,,,,,,,,,,,,,,
Bệnh lý – Sầu riêng,nấm hồng sầu riêng,bệnh nấm hồng trên cây sầu riêng,Yes,4,Blog,210,Viết mới,https://www.hoptrisummit.com/quy-trinh-giai-phap/cay-sau-rieng/benh-nam-hong-tren-cay-sau-rieng,https://www.hoptrisummit.com/quy-trinh-giai-phap/cay-sau-rieng/benh-nam-hong-tren-cay-sau-rieng,Indexed,Đúng,1,1,1,1,1,5,5,8,1,-,-,-,93,70,,,,,,,,,,,,,,,,
Bệnh lý – Rau màu,bệnh sương mai cà chua,bệnh sương mai cà chua,Yes,,Blog,70,Viết mới,https://www.hoptrisummit.com/quy-trinh-giai-phap/cay-trong-khac/cay-ca-chua/benh-suong-mai-tren-cay-ca-chua,https://www.hoptrisummit.com/quy-trinh-giai-phap/cay-trong-khac/cay-ca-chua/benh-suong-mai-tren-cay-ca-chua,Indexed,Đúng,1,1,1,4,3,4,4,4,1,9,24,24,26,27,,,,,,,,,,,,,,,,
Bệnh lý – Sầu riêng,cách trị xì mủ sầu riêng,bệnh xì mủ trên cây sầu riêng,Yes,4,Blog,10,Viết mới,https://www.hoptrisummit.com/quy-trinh-giai-phap/cay-sau-rieng/benh-xi-mu-tren-cay-sau-rieng,https://www.hoptrisummit.com/quy-trinh-giai-phap/cay-sau-rieng/benh-xi-mu-tren-cay-sau-rieng,Indexed,Đúng,1,1,1,1,1,-,3,3,1,6,3,3,2,6,,,,,,,,,,,,,,,,
Sâu hại – Lúa,cách cứu cây bị sâu đục thân,cách trị sâu đục thân,Yes,3,Blog,20,Viết mới,https://www.hoptrisummit.com/quy-trinh-giai-phap/cay-lua/cach-cuu-cay-bi-sau-duc-than,https://www.hoptrisummit.com/quy-trinh-giai-phap/cay-lua/cach-cuu-cay-bi-sau-duc-than,Indexed,Đúng,1,1,1,1,1,3,2,3,1,-,14,14,29,30,,,,,,,,,,,,,,,,
Sâu hại – Lúa,cách trị sâu đục thân,cách trị sâu đục thân,Yes,4,Blog,110,Viết mới,https://www.hoptrisummit.com/quy-trinh-giai-phap/cay-lua/cach-cuu-cay-bi-sau-duc-than,https://www.hoptrisummit.com/quy-trinh-giai-phap/cay-lua/cach-cuu-cay-bi-sau-duc-than,Indexed,Đúng,1,1,1,1,2,2,2,6,1,9,8,8,12,-,,,,,,,,,,,,,,,,
Sâu hại – Lúa,cây bị sâu đục thân,cách trị sâu đục thân,Yes,,Blog,50,Viết mới,https://www.hoptrisummit.com/quy-trinh-giai-phap/cay-lua/cach-cuu-cay-bi-sau-duc-than,https://www.hoptrisummit.com/quy-trinh-giai-phap/cay-lua/cach-cuu-cay-bi-sau-duc-than,Indexed,Đúng,1,1,1,2,2,2,3,4,1,15,-,-,14,-,,,,,,,,,,,,,,,,
Sâu hại – Lúa,trị sâu đục thân,cách trị sâu đục thân,Yes,4,Blog,90,Viết mới,https://www.hoptrisummit.com/quy-trinh-giai-phap/cay-lua/cach-cuu-cay-bi-sau-duc-than,https://www.hoptrisummit.com/quy-trinh-giai-phap/cay-lua/cach-cuu-cay-bi-sau-duc-than,Indexed,Đúng,1,1,1,2,2,2,2,6,1,14,11,11,1,19,,,,,,,,,,,,,,,,
An toàn – Sầu riêng,cadimi trên sầu riêng,cadimi trên sầu riêng,Yes,2,Blog,40,Viết mới,https://www.hoptrisummit.com/quy-trinh-giai-phap/cay-sau-rieng/cadimi-trong-sau-rieng,https://www.hoptrisummit.com/quy-trinh-giai-phap/cay-sau-rieng/cadimi-trong-sau-rieng,No,Đúng,1,1,1,1,1,1,1,1,1,-,10,10,9,4,,,,,,,,,,,,,,,,
An toàn – Sầu riêng,dư lượng cadimi trong sầu riêng,cadimi trên sầu riêng,Yes,1,Blog,30,Viết mới,https://www.hoptrisummit.com/quy-trinh-giai-phap/cay-sau-rieng/cadimi-trong-sau-rieng,https://www.hoptrisummit.com/quy-trinh-giai-phap/cay-sau-rieng/cadimi-trong-sau-rieng,No,Đúng,1,1,1,1,1,1,1,1,1,14,7,7,8,7,,,,,,,,,,,,,,,,
An toàn – Sầu riêng,nguyên nhân sầu riêng nhiễm cadimi,cadimi trên sầu riêng,Yes,3,Blog,10,Viết mới,https://www.hoptrisummit.com/quy-trinh-giai-phap/cay-sau-rieng/cadimi-trong-sau-rieng,https://www.hoptrisummit.com/quy-trinh-giai-phap/cay-sau-rieng/cadimi-trong-sau-rieng,No,Đúng,1,1,1,1,1,1,1,1,1,1,2,2,3,7,,,,,,,,,,,,,,,,
Bệnh lý – Lúa,đạo ôn,đạo ôn,No,,Blog,590,Tối ưu technical,https://www.hoptrisummit.com/quy-trinh-giai-phap/cay-lua/benh-dao-on-la-lua-va-cach-phong-tru,https://www.hoptrisummit.com/quy-trinh-giai-phap/cay-lua/benh-dao-on-la-lua-va-cach-phong-tru,#N/A,Đúng,1,1,1,1,1,1,1,1,1,-,-,-,-,-,,,,,,,,,,,,,,,,
Bệnh lý – Lúa,bệnh đạo ôn hại lúa,đạo ôn,Yes,1,Blog,210,Tối ưu technical,https://www.hoptrisummit.com/quy-trinh-giai-phap/cay-lua/benh-dao-on-la-lua-va-cach-phong-tru,https://www.hoptrisummit.com/quy-trinh-giai-phap/cay-lua/benh-dao-on-la-lua-va-cach-phong-tru,#N/A,Đúng,1,1,1,1,1,1,1,1,1,-,-,-,-,-,,,,,,,,,,,,,,,,
Bệnh lý – Lúa,bệnh đạo ôn hại lúa là gì,đạo ôn,Yes,2,Blog,30,Tối ưu technical,https://www.hoptrisummit.com/quy-trinh-giai-phap/cay-lua/benh-dao-on-la-lua-va-cach-phong-tru,https://www.hoptrisummit.com/quy-trinh-giai-phap/cay-lua/benh-dao-on-la-lua-va-cach-phong-tru,#N/A,Đúng,1,1,1,1,1,2,1,1,1,-,-,-,-,-,,,,,,,,,,,,,,,,
Bệnh lý – Lúa,đạo ôn lá,đạo ôn,Yes,1,Blog,260,Tối ưu technical,https://www.hoptrisummit.com/quy-trinh-giai-phap/cay-lua/benh-dao-on-la-lua-va-cach-phong-tru,https://www.hoptrisummit.com/quy-trinh-giai-phap/cay-lua/benh-dao-on-la-lua-va-cach-phong-tru,#N/A,Đúng,1,1,1,1,1,1,1,1,1,57,-,-,27,-,,,,,,,,,,,,,,,,
Bệnh lý – Lúa,đạo ôn lá lúa,đạo ôn,Yes,1,Blog,70,Tối ưu technical,https://www.hoptrisummit.com/quy-trinh-giai-phap/cay-lua/benh-dao-on-la-lua-va-cach-phong-tru,https://www.hoptrisummit.com/quy-trinh-giai-phap/cay-lua/benh-dao-on-la-lua-va-cach-phong-tru,#N/A,Đúng,1,1,1,1,1,1,1,1,1,13,10,10,10,13,,,,,,,,,,,,,,,,
Bệnh lý – Lúa,đạo ôn lúa,đạo ôn,No,,Blog,320,Tối ưu technical,https://www.hoptrisummit.com/quy-trinh-giai-phap/cay-lua/benh-dao-on-la-lua-va-cach-phong-tru,https://www.hoptrisummit.com/quy-trinh-giai-phap/cay-lua/benh-dao-on-la-lua-va-cach-phong-tru,#N/A,Đúng,1,1,1,1,1,1,1,1,1,49,42,42,46,44,,,,,,,,,,,,,,,,
Bệnh lý – Sầu riêng,đen bông sầu riêng,đen bông sầu riêng,Yes,3,Blog,10,Viết mới,https://www.hoptrisummit.com/quy-trinh-giai-phap/cay-sau-rieng/den-bong-sau-rieng,https://www.hoptrisummit.com/quy-trinh-giai-phap/cay-sau-rieng/den-bong-sau-rieng,Indexed,Đúng,1,1,3,3,3,3,3,3,1,-,-,-,-,-,,,,,,,,,,,,,,,,
Bệnh lý – Sầu riêng,thuốc trị nấm phytophthora,hoạt chất trị nấm phytophthora,Yes,,Sản phẩm,90,Tối ưu content,https://www.hoptrisummit.com/san-pham/thuoc-bao-ve-thuc-vat/thuoc-tru-benh/eddy-72wp,https://www.hoptrisummit.com/quy-trinh-giai-phap/cay-sau-rieng/phong-tru-benh-hai-do-nam-phytophthora-tren-cay-sau-rieng,#N/A,Sai,1,1,1,2,2,3,1,1,1,5,14,14,8,-,,,,,,,,,,,,,,,,
Bệnh lý – Lúa,lem lép hạt lúa,lem lép hạt,Yes,3,Blog,140,Tối ưu technical,https://www.hoptrisummit.com/quy-trinh-giai-phap/cay-lua/bien-phap-phong-tru-benh-lem-lep-hat-lua,https://www.hoptrisummit.com/quy-trinh-giai-phap/cay-lua/bien-phap-phong-tru-benh-lem-lep-hat-lua,#N/A,Đúng,1,1,1,1,2,1,1,1,1,11,9,9,38,10,,,,,,,,,,,,,,,,
Bệnh lý – Sầu riêng,nấm phytophthora sầu riêng,phytophthora sầu riêng,Yes,,Blog,20,Tối ưu technical,https://www.hoptrisummit.com/quy-trinh-giai-phap/cay-sau-rieng/phong-tru-benh-hai-do-nam-phytophthora-tren-cay-sau-rieng,https://www.hoptrisummit.com/quy-trinh-giai-phap/cay-sau-rieng/phong-tru-benh-hai-do-nam-phytophthora-tren-cay-sau-rieng,#N/A,Đúng,1,1,1,1,1,1,1,1,1,1,2,2,2,2,,,,,,,,,,,,,,,,
Bệnh lý – Sầu riêng,phytophthora sầu riêng,phytophthora sầu riêng,Yes,,Blog,10,Tối ưu technical,https://www.hoptrisummit.com/quy-trinh-giai-phap/cay-sau-rieng/phong-tru-benh-hai-do-nam-phytophthora-tren-cay-sau-rieng,https://www.hoptrisummit.com/quy-trinh-giai-phap/cay-sau-rieng/phong-tru-benh-hai-do-nam-phytophthora-tren-cay-sau-rieng,#N/A,Đúng,1,1,1,1,1,1,1,1,1,1,1,1,1,1,,,,,,,,,,,,,,,,
Bệnh lý – Sầu riêng,cách trị nấm phytophthora,phytophthora sầu riêng,Yes,,Blog,40,Tối ưu technical,https://www.hoptrisummit.com/quy-trinh-giai-phap/cay-sau-rieng/phong-tru-benh-hai-do-nam-phytophthora-tren-cay-sau-rieng,https://www.hoptrisummit.com/quy-trinh-giai-phap/cay-sau-rieng/phong-tru-benh-hai-do-nam-phytophthora-tren-cay-sau-rieng,#N/A,Đúng,1,1,1,1,1,1,1,1,1,1,1,1,1,1,,,,,,,,,,,,,,,,
Bệnh lý – Sầu riêng,nấm phytop,phytophthora sầu riêng,Yes,1,Blog,10,Tối ưu technical,https://www.hoptrisummit.com/quy-trinh-giai-phap/cay-sau-rieng/phong-tru-benh-hai-do-nam-phytophthora-tren-cay-sau-rieng,https://www.hoptrisummit.com/quy-trinh-giai-phap/cay-sau-rieng/phong-tru-benh-hai-do-nam-phytophthora-tren-cay-sau-rieng,#N/A,Đúng,1,1,1,1,1,1,1,1,1,1,1,1,1,1,,,,,,,,,,,,,,,,
Bệnh lý – Sầu riêng,nấm phytophthora,phytophthora sầu riêng,No,,Blog,10,Tối ưu technical,https://www.hoptrisummit.com/quy-trinh-giai-phap/cay-sau-rieng/phong-tru-benh-hai-do-nam-phytophthora-tren-cay-sau-rieng,https://www.hoptrisummit.com/quy-trinh-giai-phap/cay-sau-rieng/phong-tru-benh-hai-do-nam-phytophthora-tren-cay-sau-rieng,#N/A,Đúng,1,1,1,1,1,1,1,1,1,2,2,2,2,1,,,,,,,,,,,,,,,,
Bệnh lý – Sầu riêng,phytophthora,phytophthora sầu riêng,No,,Blog,390,Tối ưu technical,https://www.hoptrisummit.com/quy-trinh-giai-phap/cay-sau-rieng/phong-tru-benh-hai-do-nam-phytophthora-tren-cay-sau-rieng,https://www.hoptrisummit.com/quy-trinh-giai-phap/cay-sau-rieng/phong-tru-benh-hai-do-nam-phytophthora-tren-cay-sau-rieng,#N/A,Đúng,1,1,1,1,1,1,1,1,1,2,1,1,1,1,,,,,,,,,,,,,,,,
Bệnh lý – Sầu riêng,sầu riêng bị khô đọt,sầu riêng bị khô đọt,Yes,5,Blog,90,Viết mới,https://www.hoptrisummit.com/quy-trinh-giai-phap/cay-sau-rieng/sau-rieng-bi-kho-dot,https://www.hoptrisummit.com/quy-trinh-giai-phap/cay-sau-rieng/sau-rieng-bi-kho-dot,#N/A,Đúng,1,1,-,5,5,5,4,9,1,2,2,2,2,2,,,,,,,,,,,,,,,,
Bệnh lý – Sầu riêng,sầu riêng bị xoăn lá,sầu riêng bị xoăn lá,Yes,4,Blog,30,Viết mới,https://www.hoptrisummit.com/quy-trinh-giai-phap/cay-sau-rieng/sau-rieng-bi-xoan-la,https://www.hoptrisummit.com/quy-trinh-giai-phap/cay-sau-rieng/sau-rieng-bi-xoan-la,#N/A,Đúng,1,1,1,1,1,1,1,2,1,2,2,2,1,2,,,,,,,,,,,,,,,,
Bệnh lý – Sầu riêng,sầu riêng bị xoăn lá non,sầu riêng bị xoăn lá,Yes,,Blog,90,Viết mới,https://www.hoptrisummit.com/quy-trinh-giai-phap/cay-sau-rieng/sau-rieng-bi-xoan-la,https://www.hoptrisummit.com/quy-trinh-giai-phap/cay-sau-rieng/sau-rieng-bi-xoan-la,#N/A,Đúng,1,1,1,1,1,1,2,3,1,4,1,1,1,1,,,,,,,,,,,,,,,,
Thuốc BVTV,sầu riêng bị gai nù,sầu riêng gai nù,Yes,,Blog,70,Viết mới,https://www.hoptrisummit.com/quy-trinh-giai-phap/cay-sau-rieng/sau-rieng-bi-gai-nu,https://www.hoptrisummit.com/quy-trinh-giai-phap/cay-sau-rieng/sau-rieng-bi-gai-nu,#N/A,Đúng,1,1,1,1,1,1,1,5,1,3,12,12,12,-,,,,,,,,,,,,,,,,
Kinh doanh BVTV,sầu riêng gai nù,sầu riêng gai nù,No,,Blog,170,Viết mới,https://www.hoptrisummit.com/quy-trinh-giai-phap/cay-sau-rieng/sau-rieng-bi-gai-nu,https://www.hoptrisummit.com/quy-trinh-giai-phap/cay-sau-rieng/sau-rieng-bi-gai-nu,#N/A,Đúng,1,1,1,1,1,5,4,6,1,-,-,-,-,-,,,,,,,,,,,,,,,,
Bệnh lý – Rau màu,sương mai dưa hấu,sương mai dưa hấu,Yes,2,Blog,40,Tối ưu technical,https://www.hoptrisummit.com/quy-trinh-giai-phap/cay-trong-khac/phong-tru-benh-suong-mai-hai-dua-hau,https://www.hoptrisummit.com/quy-trinh-giai-phap/cay-trong-khac/phong-tru-benh-suong-mai-hai-dua-hau,#N/A,Đúng,1,1,1,1,1,1,1,1,1,17,17,17,12,12,,,,,,,,,,,,,,,,
Bệnh lý – Sầu riêng,bệnh thán thư sầu riêng,thán thư sầu riêng,Yes,1,Blog,70,Tối ưu technical,https://www.hoptrisummit.com/quy-trinh-giai-phap/cay-sau-rieng/benh-than-thu-tren-sau-rieng,https://www.hoptrisummit.com/quy-trinh-giai-phap/cay-sau-rieng/benh-than-thu-tren-sau-rieng,#N/A,Đúng,1,1,1,1,1,1,2,1,1,7,7,7,6,5,,,,,,,,,,,,,,,,
Bệnh lý – Sầu riêng,bệnh thán thư trên cây sầu riêng,thán thư sầu riêng,Yes,1,Blog,70,Tối ưu technical,https://www.hoptrisummit.com/quy-trinh-giai-phap/cay-sau-rieng/benh-than-thu-tren-sau-rieng,https://www.hoptrisummit.com/quy-trinh-giai-phap/cay-sau-rieng/benh-than-thu-tren-sau-rieng,#N/A,Đúng,1,1,1,1,1,1,2,2,1,7,7,7,8,5,,,,,,,,,,,,,,,,
Bệnh lý – Sầu riêng,bệnh thán thư trên sầu riêng,thán thư sầu riêng,No,,Blog,110,Tối ưu technical,https://www.hoptrisummit.com/quy-trinh-giai-phap/cay-sau-rieng/benh-than-thu-tren-sau-rieng,https://www.hoptrisummit.com/quy-trinh-giai-phap/cay-sau-rieng/benh-than-thu-tren-sau-rieng,#N/A,Đúng,1,1,1,1,1,1,2,2,1,6,6,6,5,5,,,,,,,,,,,,,,,,
Bệnh lý – Rau màu,thuốc đặc trị sương mai dưa hấu,thuốc đặc trị sương mai dưa hấu,Yes,1,Blog,20,Tối ưu technical,https://www.hoptrisummit.com/quy-trinh-giai-phap/cay-trong-khac/phong-tru-benh-suong-mai-hai-dua-hau,https://www.hoptrisummit.com/quy-trinh-giai-phap/cay-trong-khac/phong-tru-benh-suong-mai-hai-dua-hau,#N/A,Đúng,1,1,1,1,1,1,1,1,1,19,8,8,9,50,,,,,,,,,,,,,,,,
Kỹ thuật canh tác – Lúa,thuốc điều hòa sinh trưởng cho lúa,thuốc điều hòa sinh trưởng cho lúa,Yes,1,Sản phẩm,90,Tối ưu content,https://www.hoptrisummit.com/san-pham/thuoc-bao-ve-thuc-vat/dieu-hoa-sinh-truong/brightstar-25sc,https://www.hoptrisummit.com/san-pham/thuoc-bao-ve-thuc-vat/dieu-hoa-sinh-truong/brightstar-25sc,#N/A,Đúng,1,1,1,1,1,2,4,4,1,3,3,3,3,3,,,,,,,,,,,,,,,,
Bệnh lý – Rau màu,thuốc trị héo xanh,thuốc trị héo xanh,Yes,2,Blog,30,Tối ưu technical,https://www.hoptrisummit.com/quy-trinh-giai-phap/cay-trong-khac/cay-rau-mau/bien-phap-quan-ly-benh-heo-xanh-tren-cay-trong-ho-ca-va-ho-bau-bi-dua,https://www.hoptrisummit.com/quy-trinh-giai-phap/cay-trong-khac/cay-rau-mau/bien-phap-quan-ly-benh-heo-xanh-tren-cay-trong-ho-ca-va-ho-bau-bi-dua,#N/A,Đúng,1,1,1,1,1,1,1,1,1,36,-,-,38,-,,,,,,,,,,,,,,,,
Bệnh lý – Rau màu,thuốc trị bệnh héo xanh,thuốc trị héo xanh,Yes,2,Blog,70,Tối ưu technical,https://www.hoptrisummit.com/quy-trinh-giai-phap/cay-trong-khac/cay-rau-mau/bien-phap-quan-ly-benh-heo-xanh-tren-cay-trong-ho-ca-va-ho-bau-bi-dua,https://www.hoptrisummit.com/quy-trinh-giai-phap/cay-trong-khac/cay-rau-mau/bien-phap-quan-ly-benh-heo-xanh-tren-cay-trong-ho-ca-va-ho-bau-bi-dua,#N/A,Đúng,1,1,1,1,1,1,1,1,1,1,2,2,2,-,,,,,,,,,,,,,,,,
Bệnh lý – Sầu riêng,cách trị thối rễ sầu riêng,vàng lá thối rễ,Yes,1,Blog,10,Viết mới,https://www.hoptrisummit.com/quy-trinh-giai-phap/cay-sau-rieng/vang-la-thoi-re,https://www.hoptrisummit.com/quy-trinh-giai-phap/cay-sau-rieng/phong-tru-benh-vang-la-thoi-re-tren-cay-sau-rieng,Indexed,Sai,1,1,1,1,1,1,1,1,1,25,-,-,53,51,,,,,,,,,,,,,,,,
Bệnh lý – Sầu riêng,thối rễ sầu riêng,vàng lá thối rễ,Yes,1,Blog,70,Viết mới,https://www.hoptrisummit.com/quy-trinh-giai-phap/cay-sau-rieng/vang-la-thoi-re,https://www.hoptrisummit.com/quy-trinh-giai-phap/cay-sau-rieng/phong-tru-benh-vang-la-thoi-re-tren-cay-sau-rieng,Indexed,Sai,1,1,1,1,1,1,1,1,1,-,-,-,-,-,,,,,,,,,,,,,,,,
Bệnh lý – Sầu riêng,vàng lá thối rễ sầu riêng,vàng lá thối rễ,Yes,1,Blog,110,Viết mới,https://www.hoptrisummit.com/quy-trinh-giai-phap/cay-sau-rieng/vang-la-thoi-re,https://www.hoptrisummit.com/quy-trinh-giai-phap/cay-sau-rieng/phong-tru-benh-vang-la-thoi-re-tren-cay-sau-rieng,Indexed,Sai,1,1,1,1,1,1,1,1,1,-,-,-,36,44,,,,,,,,,,,,,,,,
Sâu hại – Lúa,biện pháp phòng trừ sâu đục thân,vòng đời sâu đục thân,Yes,5,Blog,30,Viết mới,https://www.hoptrisummit.com/quy-trinh-giai-phap/cay-lua/vong-doi-sau-duc-than,https://www.hoptrisummit.com/quy-trinh-giai-phap/cay-lua/cach-cuu-cay-bi-sau-duc-than,Indexed,Sai,1,1,3,3,3,5,1,6,1,1,6,6,6,14,,,,,,,,,,,,,,,,
Bệnh lý – Lúa,đạo ôn cổ bông lúa,bệnh đạo ôn cổ bông trên lúa,Yes,1,Blog,30,Viết mới,https://hoptrisummit.com/quy-trinh-giai-phap/cay-lua/dao-on-co-bong,https://www.hoptrisummit.com/quy-trinh-giai-phap/cay-lua/dao-on-co-bong,Indexed,Sai,2,2,2,2,3,1,2,2,2,23,41,41,-,28,,,,,,,,,,,,,,,,
Bệnh lý – Rau màu,bệnh giả sương mai,bệnh giả sương mai,Yes,2,Blog,110,Viết mới,https://www.hoptrisummit.com/tin-tuc/tin-nong-nghiep/benh-gia-suong-mai,https://www.hoptrisummit.com/quy-trinh-giai-phap/cay-trong-khac/cay-rau-mau/bien-phap-phong-tru-benh-gia-suong-mai-tren-cay-dua-leo,#N/A,Sai,2,2,2,2,2,2,2,1,2,19,10,10,65,-,,,,,,,,,,,,,,,,
Bệnh lý – Rau màu,bệnh héo xanh vi khuẩn,bệnh héo xanh vi khuẩn,Yes,2,Blog,210,Tối ưu content,https://www.hoptrisummit.com/quy-trinh-giai-phap/cay-trong-khac/cay-rau-mau/bien-phap-quan-ly-benh-heo-xanh-tren-cay-trong-ho-ca-va-ho-bau-bi-dua,https://www.hoptrisummit.com/quy-trinh-giai-phap/cay-trong-khac/cay-rau-mau/bien-phap-quan-ly-benh-heo-xanh-tren-cay-trong-ho-ca-va-ho-bau-bi-dua,#N/A,Đúng,2,2,2,2,2,2,2,2,2,-,-,-,-,-,,,,,,,,,,,,,,,,
Bệnh lý – Sầu riêng,bệnh trên lá sầu riêng,bệnh sầu riêng,Yes,,Blog,30,Viết mới,https://www.hoptrisummit.com/quy-trinh-giai-phap/cay-sau-rieng/benh-tren-cay-sau-rieng,http://www.hoptrisummit.com/quy-trinh-giai-phap/cay-sau-rieng/benh-tren-cay-sau-rieng,Indexed,Sai,2,2,2,3,3,3,3,3,2,3,3,3,3,4,,,,,,,,,,,,,,,,
Bệnh lý – Tổng hợp,hình ảnh bệnh thán thư,bệnh thán thư là gì,No,,Blog,140,Viết mới,https://www.hoptrisummit.com/quy-trinh-giai-phap/cay-trong-khac/benh-than-thu-la-gi,https://www.hoptrisummit.com/tin-tuc/tin-nong-nghiep/benh-than-thu-la-gi,#N/A,Sai,2,2,2,2,2,2,6,2,2,24,27,27,28,38,,,,,,,,,,,,,,,,
Bệnh lý – Sầu riêng,nứt thân xì mủ sầu riêng,bệnh xì mủ trên cây sầu riêng,Yes,1,Blog,210,Viết mới,https://www.hoptrisummit.com/quy-trinh-giai-phap/cay-sau-rieng/benh-xi-mu-tren-cay-sau-rieng,https://www.hoptrisummit.com/quy-trinh-giai-phap/cay-sau-rieng/benh-xi-mu-tren-cay-sau-rieng,Indexed,Đúng,2,2,4,2,2,1,1,1,2,-,-,-,-,-,,,,,,,,,,,,,,,,
Bệnh lý – Lúa,cháy bìa lá,cháy bìa lá lúa,No,,Blog,170,Tối ưu technical,https://www.hoptrisummit.com/quy-trinh-giai-phap/cay-lua/chay-bia-la-lem-lep-hat-lua,https://www.hoptrisummit.com/quy-trinh-giai-phap/cay-lua/chay-bia-la-lem-lep-hat-lua,#N/A,Đúng,2,2,2,2,2,2,2,2,2,1,1,1,1,2,,,,,,,,,,,,,,,,
Bệnh lý – Lúa,cháy bìa lá lúa,cháy bìa lá lúa,Yes,2,Blog,210,Tối ưu technical,https://www.hoptrisummit.com/quy-trinh-giai-phap/cay-lua/chay-bia-la-lem-lep-hat-lua,https://www.hoptrisummit.com/quy-trinh-giai-phap/cay-lua/chay-bia-la-lem-lep-hat-lua,#N/A,Đúng,2,2,2,2,2,2,2,2,2,-,-,-,-,-,,,,,,,,,,,,,,,,
Chuột & động vật hại,diệt chuột đồng ruộng,diệt chuột đồng ruộng,Yes,1,Blog,,Tối ưu technical,https://www.hoptrisummit.com/photo/thi-nghiem-hdsd/huong-dan-cach-diet-chuot-dong-pha-hai-ruong-lua,https://www.hoptrisummit.com/quy-trinh-giai-phap/cay-lua/diet-chuot-ngoai-dong,,Sai,2,2,1,1,1,1,1,1,2,8,2,2,2,2,,,,,,,,,,,,,,,,
Bệnh lý – Lúa,bệnh đạo ôn do tác nhân nào gây ra,đạo ôn,Yes,2,Blog,20,Tối ưu technical,https://www.hoptrisummit.com/quy-trinh-giai-phap/cay-lua/benh-dao-on-la-lua-va-cach-phong-tru,https://www.hoptrisummit.com/quy-trinh-giai-phap/cay-lua/benh-dao-on-la-lua-va-cach-phong-tru,#N/A,Đúng,2,2,3,2,2,2,2,2,2,2,3,3,3,5,,,,,,,,,,,,,,,,
Bệnh lý – Lúa,bệnh đạo ôn là gì,đạo ôn,Yes,1,Blog,70,Tối ưu technical,https://www.hoptrisummit.com/quy-trinh-giai-phap/cay-lua/benh-dao-on-la-lua-va-cach-phong-tru,https://www.hoptrisummit.com/quy-trinh-giai-phap/cay-lua/benh-dao-on-la-lua-va-cach-phong-tru,#N/A,Đúng,2,2,2,2,1,2,2,2,2,-,-,-,-,-,,,,,,,,,,,,,,,,
Bệnh lý – Lúa,bệnh đạo ôn lúa là gì,đạo ôn,No,,Blog,30,Tối ưu technical,https://www.hoptrisummit.com/quy-trinh-giai-phap/cay-lua/benh-dao-on-la-lua-va-cach-phong-tru,https://www.hoptrisummit.com/quy-trinh-giai-phap/cay-lua/benh-dao-on-la-lua-va-cach-phong-tru,#N/A,Đúng,2,2,2,2,2,2,2,2,2,7,44,44,36,34,,,,,,,,,,,,,,,,
Bệnh lý – Lúa,đặc điểm của bệnh đạo ôn hại lúa là,đạo ôn,Yes,3,Blog,30,Tối ưu technical,https://www.hoptrisummit.com/quy-trinh-giai-phap/cay-lua/benh-dao-on-la-lua-va-cach-phong-tru,https://www.hoptrisummit.com/quy-trinh-giai-phap/cay-lua/benh-dao-on-la-lua-va-cach-phong-tru,#N/A,Đúng,2,2,2,2,2,2,2,3,2,11,12,12,12,-,,,,,,,,,,,,,,,,
Bệnh lý – Sầu riêng,thuốc đặc trị nấm phytophthora,hoạt chất trị nấm phytophthora,Yes,,Sản phẩm,320,Tối ưu content,https://www.hoptrisummit.com/san-pham/thuoc-bao-ve-thuc-vat/thuoc-tru-benh/eddy-72wp,https://www.hoptrisummit.com/quy-trinh-giai-phap/cay-sau-rieng/phong-tru-benh-hai-do-nam-phytophthora-tren-cay-sau-rieng,#N/A,Sai,2,2,2,2,2,2,2,1,2,6,-,-,-,6,,,,,,,,,,,,,,,,
Phân bón lá,phân bón lá 20 20 20,phân bón lá 20-20-20,Yes,2,Sản phẩm,140,,,https://www.hoptrisummit.com/san-pham/dinh-duong-cay-trong/phan-bon-la/hop-tri-hk-npk-20-20-20-te,#N/A,Sai,2,2,2,1,1,3,2,1,2,28,6,6,3,9,,,,,,,,,,,,,,,,
Phân bón lá,phân bón lá 20-20-20,phân bón lá 20-20-20,Yes,2,Sản phẩm,140,,,https://www.hoptrisummit.com/san-pham/dinh-duong-cay-trong/phan-bon-la/hop-tri-hk-npk-20-20-20-te,#N/A,Sai,2,2,2,2,1,3,1,1,2,18,5,5,5,5,,,,,,,,,,,,,,,,
Phân bón lá,phân bón lá npk 20 20 20,phân bón lá 20-20-20,Yes,2,Sản phẩm,30,,,https://www.hoptrisummit.com/san-pham/dinh-duong-cay-trong/phan-bon-la/hop-tri-hk-npk-20-20-20-te,#N/A,Sai,2,2,2,2,2,2,2,2,2,8,7,7,6,7,,,,,,,,,,,,,,,,
Phân bón lá,phân bón lá npk 20-20-20,phân bón lá 20-20-20,Yes,2,Sản phẩm,30,,,https://www.hoptrisummit.com/san-pham/dinh-duong-cay-trong/phan-bon-la/hop-tri-hk-npk-20-20-20-te,#N/A,Sai,2,2,2,2,2,2,2,3,2,23,19,19,20,-,,,,,,,,,,,,,,,,
Phân bón lá,phân bón lá cao cấp,phân bón lá hữu cơ,Yes,,DMSP,30,Tối ưu technical,https://www.hoptrisummit.com/san-pham/dinh-duong-cay-trong/phan-bon-la,https://www.hoptrisummit.com/san-pham/dinh-duong-cay-trong/phan-bon-la,,Đúng,2,2,2,2,2,2,3,2,2,22,31,31,30,-,,,,,,,,,,,,,,,,
Bệnh lý – Sầu riêng,cách trị nấm trái sầu riêng,phytophthora sầu riêng,Yes,4,Blog,10,Tối ưu technical,https://www.hoptrisummit.com/quy-trinh-giai-phap/cay-sau-rieng/phong-tru-benh-hai-do-nam-phytophthora-tren-cay-sau-rieng,https://www.hoptrisummit.com/quy-trinh-giai-phap/cay-sau-rieng/phong-tru-benh-hai-do-nam-phytophthora-tren-cay-sau-rieng,#N/A,Đúng,2,2,3,2,3,1,1,1,2,7,-,-,-,-,,,,,,,,,,,,,,,,
Bệnh lý – Sầu riêng,nấm sầu riêng,phytophthora sầu riêng,Yes,,Blog,50,Tối ưu technical,https://www.hoptrisummit.com/quy-trinh-giai-phap/cay-sau-rieng/phong-tru-benh-hai-do-nam-phytophthora-tren-cay-sau-rieng,https://www.hoptrisummit.com/quy-trinh-giai-phap/cay-sau-rieng/phong-tru-benh-hai-do-nam-phytophthora-tren-cay-sau-rieng,#N/A,Đúng,2,2,2,2,2,2,2,2,2,24,-,-,-,-,,,,,,,,,,,,,,,,
Bệnh lý – Sầu riêng,nấm trái sầu riêng,phytophthora sầu riêng,Yes,,Blog,140,Tối ưu technical,https://www.hoptrisummit.com/quy-trinh-giai-phap/cay-sau-rieng/phong-tru-benh-hai-do-nam-phytophthora-tren-cay-sau-rieng,https://www.hoptrisummit.com/quy-trinh-giai-phap/cay-sau-rieng/phong-tru-benh-hai-do-nam-phytophthora-tren-cay-sau-rieng,#N/A,Đúng,2,2,2,2,2,1,2,2,2,1,1,1,1,1,,,,,,,,,,,,,,,,
Bệnh lý – Sầu riêng,sầu riêng bị vàng lá,sầu riêng bị vàng lá,Yes,2,Blog,110,Viết mới,,https://www.hoptrisummit.com/quy-trinh-giai-phap/cay-sau-rieng/phong-tru-benh-vang-la-thoi-re-tren-cay-sau-rieng,#N/A,Sai,2,2,2,2,2,2,2,2,2,5,5,5,6,23,,,,,,,,,,,,,,,,
Kinh doanh BVTV,sầu riêng gai nù là gì,sầu riêng gai nù,Yes,,Blog,40,Viết mới,https://www.hoptrisummit.com/quy-trinh-giai-phap/cay-sau-rieng/sau-rieng-bi-gai-nu,https://www.hoptrisummit.com/quy-trinh-giai-phap/cay-sau-rieng/sau-rieng-bi-gai-nu,#N/A,Đúng,2,2,2,3,3,4,3,4,2,4,13,13,ND,-,,,,,,,,,,,,,,,,
Kinh doanh BVTV,sầu riêng gai nhím là gì,sầu riêng gai nù,Yes,,Blog,140,Viết mới,https://www.hoptrisummit.com/quy-trinh-giai-phap/cay-sau-rieng/sau-rieng-bi-gai-nu,https://www.hoptrisummit.com/quy-trinh-giai-phap/cay-sau-rieng/sau-rieng-bi-gai-nu,#N/A,Đúng,2,2,2,2,2,4,2,5,2,-,-,-,-,-,,,,,,,,,,,,,,,,
Bệnh lý – Sầu riêng,thán thư sầu riêng,thán thư sầu riêng,Yes,1,Blog,210,Tối ưu technical,https://www.hoptrisummit.com/quy-trinh-giai-phap/cay-sau-rieng/benh-than-thu-tren-sau-rieng,https://www.hoptrisummit.com/quy-trinh-giai-phap/cay-sau-rieng/benh-than-thu-tren-sau-rieng,#N/A,Đúng,2,2,1,1,1,1,1,1,2,12,9,9,8,8,,,,,,,,,,,,,,,,
Thuốc trừ cỏ,thuốc trừ cỏ chác lác,thuốc đặc trị cỏ chác lác,Yes,2,Sản phẩm,50,,,https://www.hoptrisummit.com/san-pham/thuoc-bao-ve-thuc-vat/thuoc-tru-co/benton-480sl,#N/A,Sai,2,2,2,2,2,2,2,2,2,1,1,1,1,1,,,,,,,,,,,,,,,,
Thuốc trừ cỏ,thuốc đặc trị cỏ đuôi phụng,thuốc đặc trị cỏ gạo,Yes,1,Sản phẩm,50,,,https://www.hoptrisummit.com/san-pham/thuoc-bao-ve-thuc-vat/thuoc-tru-co/elano-20ec,#N/A,Sai,2,2,2,2,2,2,3,3,2,1,1,1,1,1,,,,,,,,,,,,,,,,
Thuốc trừ cỏ,thuốc trừ cỏ lồng vực,thuốc đặc trị cỏ gạo,Yes,1,Sản phẩm,30,,,https://www.hoptrisummit.com/san-pham/thuoc-bao-ve-thuc-vat/thuoc-tru-co/elano-20ec,#N/A,Sai,2,2,2,2,2,2,4,2,2,-,-,-,-,-,,,,,,,,,,,,,,,,
Sâu hại – Tổng hợp,thuốc đặc trị sâu đục thân,thuốc đặc trị sâu đục thân,Yes,,Sản phẩm,390,Tối ưu content,,https://www.hoptrisummit.com/quy-trinh-giai-phap/cay-lua/cach-cuu-cay-bi-sau-duc-than,#N/A,Sai,2,2,2,34,35,36,41,40,2,20,22,22,-,-,,,,,,,,,,,,,,,,
Sâu hại – Tổng hợp,thuốc trừ sâu đục thân,thuốc đặc trị sâu đục thân,Yes,,Sản phẩm,320,Tối ưu content,,https://www.hoptrisummit.com/quy-trinh-giai-phap/cay-lua/cach-cuu-cay-bi-sau-duc-than,#N/A,Sai,2,2,5,2,35,35,40,52,2,78,6,6,60,-,,,,,,,,,,,,,,,,
Thuốc BVTV,thuốc điều hòa sinh trưởng,thuốc điều hòa sinh trưởng,Yes,,Blog,260,Viết mới,https://www.hoptrisummit.com/tin-tuc/tin-nong-nghiep/thuoc-dieu-hoa-sinh-truong,https://www.hoptrisummit.com/tin-tuc/tin-nong-nghiep/thuoc-dieu-hoa-sinh-truong,,Đúng,2,2,2,2,5,5,11,4,2,4,4,4,4,22,,,,,,,,,,,,,,,,
Sâu hại – Rau màu,thuốc trị rầy phấn trắng,thuốc trị rầy phấn trắng,Yes,4,Blog,260,Tối ưu technical,https://www.hoptrisummit.com/quy-trinh-giai-phap/cay-trong-khac/ray-phan-trang-bien-phap-phong-tru,https://www.hoptrisummit.com/quy-trinh-giai-phap/cay-trong-khac/ray-phan-trang-bien-phap-phong-tru,https://www.hoptrisummit.com/quy-trinh-giai-phap/cay-trong-khac/ray-phan-trang-bien-phap-phong-tru,Đúng,2,2,3,-,3,3,3,3,2,-,-,-,-,-,,,,,,,,,,,,,,,,
Sâu hại – Rau màu,thuốc trừ rầy phấn trắng,thuốc trị rầy phấn trắng,No,,Blog,90,Tối ưu technical,https://www.hoptrisummit.com/quy-trinh-giai-phap/cay-trong-khac/ray-phan-trang-bien-phap-phong-tru,https://www.hoptrisummit.com/quy-trinh-giai-phap/cay-trong-khac/ray-phan-trang-bien-phap-phong-tru,https://www.hoptrisummit.com/quy-trinh-giai-phap/cay-trong-khac/ray-phan-trang-bien-phap-phong-tru,Đúng,2,2,12,14,-,-,-,3,2,-,1,1,5,3,,,,,,,,,,,,,,,,
Ốc bươu vàng,thuốc trừ ốc bươu vàng,thuốc trừ ốc,Yes,,Sản phẩm,90,Tối ưu content,https://www.hoptrisummit.com/san-pham/thuoc-bao-ve-thuc-vat/thuoc-tru-oc/thuoc-tru-oc,https://www.hoptrisummit.com/quy-trinh-giai-phap/cay-lua/phong-tru-oc-buou-vang-hai-lua,https://www.hoptrisummit.com/san-pham/thuoc-bao-ve-thuc-vat/thuoc-tru-oc/thuoc-tru-oc,Sai,2,2,6,10,9,11,8,3,2,11,4,4,4,8,,,,,,,,,,,,,,,,
Sâu hại – Tổng hợp,thuốc trừ sâu rầy,thuốc trừ sâu,Yes,4,DMSP,70,Tối ưu technical,https://www.hoptrisummit.com/san-pham/thuoc-bao-ve-thuc-vat/thuoc-tru-sau,https://www.hoptrisummit.com/san-pham/thuoc-bao-ve-thuc-vat/thuoc-tru-sau,https://www.hoptrisummit.com/san-pham/thuoc-bao-ve-thuc-vat/thuoc-tru-sau,Đúng,2,2,2,3,3,3,3,4,2,45,-,-,-,-,,,,,,,,,,,,,,,,
Sâu hại – Lúa,lúa bị sâu đục thân,vòng đời sâu đục thân,No,,Blog,70,Viết mới,https://www.hoptrisummit.com/quy-trinh-giai-phap/cay-lua/vong-doi-sau-duc-than,https://www.hoptrisummit.com/quy-trinh-giai-phap/cay-lua/cach-cuu-cay-bi-sau-duc-than,Indexed,Sai,2,2,2,2,2,3,2,-,2,4,3,3,6,6,,,,,,,,,,,,,,,,
Kỹ thuật canh tác – Sầu riêng,xử lý ra hoa sầu riêng,xử lý ra hoa sầu riêng,Yes,,Blog,170,Tối ưu content,https://www.hoptrisummit.com/quy-trinh-giai-phap/cay-sau-rieng/ky-thuat-xu-li-sau-rieng-ra-hoa-nghich-vu-hieu-qua-an-toan,https://www.hoptrisummit.com/quy-trinh-giai-phap/cay-sau-rieng/ky-thuat-xu-li-sau-rieng-ra-hoa-nghich-vu-hieu-qua-an-toan,https://www.hoptrisummit.com/quy-trinh-giai-phap/cay-sau-rieng/ky-thuat-xu-li-sau-rieng-ra-hoa-nghich-vu-hieu-qua-an-toan,Đúng,2,2,-,-,2,-,-,-,2,29,51,51,-,30,,,,,,,,,,,,,,,,
Bệnh lý – Lúa,bệnh đạo ôn cổ bông trên lúa,bệnh đạo ôn cổ bông trên lúa,No,,Blog,30,Viết mới,https://hoptrisummit.com/quy-trinh-giai-phap/cay-lua/dao-on-co-bong,https://www.hoptrisummit.com/quy-trinh-giai-phap/cay-lua/dao-on-co-bong,Indexed,Sai,3,3,2,2,3,2,3,3,3,6,3,3,3,4,,,,,,,,,,,,,,,,
Bệnh lý – Lúa,đạo ôn cổ bông,bệnh đạo ôn cổ bông trên lúa,Yes,2,Blog,390,Viết mới,https://hoptrisummit.com/quy-trinh-giai-phap/cay-lua/dao-on-co-bong,https://www.hoptrisummit.com/quy-trinh-giai-phap/cay-lua/dao-on-co-bong,Indexed,Sai,3,3,3,3,3,3,5,6,3,-,7,7,7,7,,,,,,,,,,,,,,,,
Bệnh lý – Cây công nghiệp,bệnh khô cành khô quả trên cây cà phê,bệnh khô cành khô quả trên cây cà phê,Yes,,Blog,70,Viết mới,https://www.hoptrisummit.com/quy-trinh-giai-phap/cay-trong-khac/benh-kho-canh-kho-qua-tren-cay-ca-phe,https://www.hoptrisummit.com/quy-trinh-giai-phap/cay-trong-khac/benh-kho-canh-kho-qua-tren-cay-ca-phe,https://www.hoptrisummit.com/quy-trinh-giai-phap/cay-trong-khac/benh-kho-canh-kho-qua-tren-cay-ca-phe,Đúng,3,3,3,3,3,3,3,7,3,1,1,1,4,4,,,,,,,,,,,,,,,,
Bệnh lý – Sầu riêng,bệnh sầu riêng,bệnh sầu riêng,Yes,,Blog,30,Viết mới,https://www.hoptrisummit.com/quy-trinh-giai-phap/cay-sau-rieng/benh-tren-cay-sau-rieng,http://www.hoptrisummit.com/quy-trinh-giai-phap/cay-sau-rieng/benh-tren-cay-sau-rieng,Indexed,Sai,3,3,3,7,3,6,4,8,3,-,-,-,-,-,,,,,,,,,,,,,,,,
Bệnh lý – Sầu riêng,bệnh trên cây sầu riêng,bệnh sầu riêng,Yes,,Blog,70,Viết mới,https://www.hoptrisummit.com/quy-trinh-giai-phap/cay-sau-rieng/benh-tren-cay-sau-rieng,http://www.hoptrisummit.com/quy-trinh-giai-phap/cay-sau-rieng/benh-tren-cay-sau-rieng,Indexed,Sai,3,3,3,2,6,6,6,8,3,-,53,53,-,52,,,,,,,,,,,,,,,,
Bệnh lý – Sầu riêng,bệnh trên sầu riêng,bệnh sầu riêng,Yes,,Blog,20,Viết mới,https://www.hoptrisummit.com/quy-trinh-giai-phap/cay-sau-rieng/benh-tren-cay-sau-rieng,http://www.hoptrisummit.com/quy-trinh-giai-phap/cay-sau-rieng/benh-tren-cay-sau-rieng,Indexed,Sai,3,3,3,3,3,3,3,6,3,3,3,3,3,4,,,,,,,,,,,,,,,,
Bệnh lý – Sầu riêng,các bệnh trên cây sầu riêng,bệnh sầu riêng,Yes,,Blog,40,Viết mới,https://www.hoptrisummit.com/quy-trinh-giai-phap/cay-sau-rieng/benh-tren-cay-sau-rieng,http://www.hoptrisummit.com/quy-trinh-giai-phap/cay-sau-rieng/benh-tren-cay-sau-rieng,Indexed,Sai,3,3,3,3,3,3,6,3,3,4,5,5,5,4,,,,,,,,,,,,,,,,
Bệnh lý – Sầu riêng,các loại bệnh trên cây sầu riêng,bệnh sầu riêng,Yes,,Blog,40,Viết mới,https://www.hoptrisummit.com/quy-trinh-giai-phap/cay-sau-rieng/benh-tren-cay-sau-rieng,http://www.hoptrisummit.com/quy-trinh-giai-phap/cay-sau-rieng/benh-tren-cay-sau-rieng,Indexed,Sai,3,3,3,38,3,3,3,3,3,4,4,4,4,5,,,,,,,,,,,,,,,,
Bệnh lý – Sầu riêng,xì mủ sầu riêng,bệnh xì mủ trên cây sầu riêng,Yes,3,Blog,90,Viết mới,https://www.hoptrisummit.com/quy-trinh-giai-phap/cay-sau-rieng/benh-xi-mu-tren-cay-sau-rieng,https://www.hoptrisummit.com/quy-trinh-giai-phap/cay-sau-rieng/benh-xi-mu-tren-cay-sau-rieng,Indexed,Đúng,3,3,3,3,3,1,1,1,3,2,-,-,-,-,,,,,,,,,,,,,,,,
Thuốc trừ cỏ,cách sử dụng thuốc trừ cỏ tiền nảy mầm,cách sử dụng thuốc trừ cỏ tiền nảy mầm,Yes,,Blog,90,Viết mới,,https://www.hoptrisummit.com/tin-tuc/tin-nong-nghiep/thuoc-tru-co-hau-nay-mam-som,#N/A,Sai,3,3,15,11,16,14,15,-,3,40,-,-,-,-,,,,,,,,,,,,,,,,
Kỹ thuật canh tác – Sầu riêng,chống rụng hoa và trái non,chống rụng hoa và trái non,Yes,3,Blog,110,Tối ưu technical,https://www.hoptrisummit.com/quy-trinh-giai-phap/cay-trong-khac/cay-rau-mau/chong-rung-hoa-va-trai-non,https://www.hoptrisummit.com/tin-tuc/tin-nong-nghiep/chong-rung-hoa-va-trai-non,https://www.hoptrisummit.com/quy-trinh-giai-phap/cay-trong-khac/cay-rau-mau/chong-rung-hoa-va-trai-non,Sai,3,3,-,5,5,4,6,4,3,11,11,11,11,16,,,,,,,,,,,,,,,,
Kỹ thuật canh tác – Sầu riêng,chống rụng trái non,chống rụng hoa và trái non,Yes,,Blog,30,Tối ưu technical,https://www.hoptrisummit.com/quy-trinh-giai-phap/cay-trong-khac/cay-rau-mau/chong-rung-hoa-va-trai-non,https://www.hoptrisummit.com/quy-trinh-giai-phap/cay-sau-rieng/sau-benh-rung-trai-non,https://www.hoptrisummit.com/quy-trinh-giai-phap/cay-trong-khac/cay-rau-mau/chong-rung-hoa-va-trai-non,Sai,3,3,2,2,2,3,3,2,3,17,12,12,16,14,,,,,,,,,,,,,,,,
Kinh doanh BVTV,công ty thuốc bảo vệ thực vật,công ty thuốc bảo vệ thực vật,No,,Blog,170,Viết mới,,https://www.hoptrisummit.com/san-pham/thuoc-bao-ve-thuc-vat,#N/A,Sai,3,3,6,5,4,4,3,2,3,-,-,-,-,-,,,,,,,,,,,,,,,,
Kinh doanh BVTV,danh sách công ty thuốc bảo vệ thực vật,công ty thuốc bảo vệ thực vật,Yes,5,Blog,30,Viết mới,,https://www.hoptrisummit.com/san-pham/thuoc-bao-ve-thuc-vat,#N/A,Sai,3,3,-,3,-,3,-,6,3,3,3,3,3,3,,,,,,,,,,,,,,,,
Bệnh lý – Lúa,biện pháp phòng trừ bệnh đạo ôn hại lúa,đạo ôn,Yes,2,Blog,110,Tối ưu technical,https://www.hoptrisummit.com/quy-trinh-giai-phap/cay-lua/benh-dao-on-la-lua-va-cach-phong-tru,https://www.hoptrisummit.com/quy-trinh-giai-phap/cay-lua/benh-dao-on-la-lua-va-cach-phong-tru,#N/A,Đúng,3,3,3,3,3,2,3,3,3,7,47,47,44,38,,,,,,,,,,,,,,,,
Bệnh lý – Lúa,lem lép hạt,lem lép hạt,Yes,3,Blog,390,Tối ưu technical,https://www.hoptrisummit.com/quy-trinh-giai-phap/cay-lua/bien-phap-phong-tru-benh-lem-lep-hat-lua,https://www.hoptrisummit.com/quy-trinh-giai-phap/cay-lua/bien-phap-phong-tru-benh-lem-lep-hat-lua,#N/A,Đúng,3,3,3,2,2,3,2,3,3,10,5,5,6,8,,,,,,,,,,,,,,,,
Bệnh lý – Tổng hợp,bệnh nấm hồng,nấm hồng,Yes,,Blog,210,Viết mới,https://www.hoptrisummit.com/tin-tuc/tin-nong-nghiep/nam-hong,https://www.hoptrisummit.com/quy-trinh-giai-phap/cay-sau-rieng/benh-nam-hong-tren-cay-sau-rieng,https://www.hoptrisummit.com/tin-tuc/tin-nong-nghiep/nam-hong,Sai,3,3,54,56,56,57,56,51,3,ND,14,14,14,-,,,,,,,,,,,,,,,,
Dinh dưỡng – Lúa,phân bón lá cho lúa,phân bón lá cho lúa,Yes,2,DMSP,40,Tối ưu technical,https://www.hoptrisummit.com/en/bon-phan-cho-lua,https://www.hoptrisummit.com/quy-trinh-giai-phap/cay-lua/bon-phan-cho-lua,https://www.hoptrisummit.com/en/bon-phan-cho-lua,Sai,3,3,3,3,3,3,1,-,3,2,2,2,2,2,,,,,,,,,,,,,,,,
Phân bón lá,phân bón lá trung vi lượng,phân bón lá trung vi lượng,Yes,,Blog,260,Viết mới,https://www.hoptrisummit.com/tin-tuc/tin-nong-nghiep/phan-bon-la-trung-vi-luong,https://www.hoptrisummit.com/tin-tuc/tin-nong-nghiep/phan-bon-la-trung-vi-luong,https://www.hoptrisummit.com/tin-tuc/tin-nong-nghiep/phan-bon-la-trung-vi-luong,Đúng,3,3,7,7,5,8,9,21,3,1,1,1,2,2,,,,,,,,,,,,,,,,
Bệnh lý – Sầu riêng,thuốc nấm sầu riêng,phytophthora sầu riêng,Yes,2,Blog,50,Tối ưu technical,https://www.hoptrisummit.com/quy-trinh-giai-phap/cay-sau-rieng/phong-tru-benh-hai-do-nam-phytophthora-tren-cay-sau-rieng,https://www.hoptrisummit.com/quy-trinh-giai-phap/cay-sau-rieng/phong-tru-benh-hai-do-nam-phytophthora-tren-cay-sau-rieng,#N/A,Đúng,3,3,2,2,2,3,3,2,3,1,1,1,1,1,,,,,,,,,,,,,,,,
Bệnh lý – Sầu riêng,bệnh khô cành trên cây sầu riêng,sầu riêng bị khô đọt,Yes,,Blog,40,Viết mới,https://www.hoptrisummit.com/quy-trinh-giai-phap/cay-sau-rieng/sau-rieng-bi-kho-dot,https://www.hoptrisummit.com/quy-trinh-giai-phap/cay-sau-rieng/sau-rieng-bi-kho-dot,#N/A,Đúng,3,3,4,4,4,4,4,10,3,3,2,2,2,3,,,,,,,,,,,,,,,,
Bệnh lý – Sầu riêng,thuốc chống thối rễ,thuốc chống thối rễ,Yes,2,Blog,40,Tối ưu technical,https://www.hoptrisummit.com/quy-trinh-giai-phap/cay-sau-rieng/thuoc-dac-tri-vang-la-thoi-re,https://www.hoptrisummit.com/quy-trinh-giai-phap/cay-sau-rieng/thuoc-dac-tri-vang-la-thoi-re,https://www.hoptrisummit.com/quy-trinh-giai-phap/cay-sau-rieng/thuoc-dac-tri-vang-la-thoi-re,Đúng,3,3,5,4,4,4,2,2,3,-,9,9,9,-,,,,,,,,,,,,,,,,
Chuột & động vật hại,thuốc chuột dạng viên,thuốc chuột dạng viên,No,,Sản phẩm,170,Tối ưu content,https://www.hoptrisummit.com/san-pham/suc-khoe-cong-dong/diet-chuot/thuoc-diet-chuot-storm-0-005,https://www.hoptrisummit.com/san-pham/suc-khoe-cong-dong/diet-chuot/thuoc-diet-chuot-storm-0-005,https://www.hoptrisummit.com/san-pham/suc-khoe-cong-dong/diet-chuot/thuoc-diet-chuot-storm-0-005,Đúng,3,3,3,8,3,4,3,3,3,-,-,-,-,-,,,,,,,,,,,,,,,,
Chuột & động vật hại,thuốc chuột không mùi vị,thuốc chuột dạng viên,Yes,3,Sản phẩm,70,Tối ưu content,https://www.hoptrisummit.com/san-pham/suc-khoe-cong-dong/diet-chuot/thuoc-diet-chuot-storm-0-005,https://www.hoptrisummit.com/san-pham/suc-khoe-cong-dong/diet-chuot/thuoc-diet-chuot-storm-0-005,https://www.hoptrisummit.com/san-pham/suc-khoe-cong-dong/diet-chuot/thuoc-diet-chuot-storm-0-005,Đúng,3,3,4,5,6,5,6,6,3,1,1,1,1,1,,,,,,,,,,,,,,,,
Thuốc trừ cỏ,thuốc đặc trị cỏ chác lác,thuốc đặc trị cỏ chác lác,No,,Sản phẩm,210,,,https://www.hoptrisummit.com/san-pham/thuoc-bao-ve-thuc-vat/thuoc-tru-co/benton-480sl,#N/A,Sai,3,3,4,3,4,3,3,4,3,-,-,-,-,-,,,,,,,,,,,,,,,,
Thuốc trừ cỏ,thuốc trừ cỏ đuôi phụng,thuốc đặc trị cỏ gạo,Yes,1,Sản phẩm,70,,,https://www.hoptrisummit.com/san-pham/thuoc-bao-ve-thuc-vat/thuoc-tru-co/elano-20ec,#N/A,Sai,3,3,3,3,3,3,3,3,3,3,4,4,3,4,,,,,,,,,,,,,,,,
Thuốc BVTV,thuốc điều hòa sinh trưởng là gì,thuốc điều hòa sinh trưởng,Yes,,Blog,30,Viết mới,https://www.hoptrisummit.com/tin-tuc/tin-nong-nghiep/thuoc-dieu-hoa-sinh-truong,https://www.hoptrisummit.com/tin-tuc/tin-nong-nghiep/thuoc-dieu-hoa-sinh-truong,,Đúng,3,3,3,3,7,9,9,8,3,3,4,4,3,-,,,,,,,,,,,,,,,,
Bệnh lý – Rau màu,thuốc đặc trị héo xanh cà chua,thuốc trị héo xanh,Yes,7,Blog,70,Tối ưu technical,https://www.hoptrisummit.com/quy-trinh-giai-phap/cay-trong-khac/cay-rau-mau/bien-phap-quan-ly-benh-heo-xanh-tren-cay-trong-ho-ca-va-ho-bau-bi-dua,https://www.hoptrisummit.com/quy-trinh-giai-phap/cay-trong-khac/cay-rau-mau/bien-phap-quan-ly-benh-heo-xanh-tren-cay-trong-ho-ca-va-ho-bau-bi-dua,#N/A,Đúng,3,3,6,4,4,4,5,5,3,1,1,1,1,-,,,,,,,,,,,,,,,,
Thuốc BVTV,thuốc trừ bệnh sinh học cho cây trồng,thuốc trừ bệnh sinh học,Yes,,Blog,30,Viết mới,https://www.hoptrisummit.com/tin-tuc/tin-nong-nghiep/thuoc-tru-benh-sinh-hoc,https://www.hoptrisummit.com/tin-tuc/tin-nong-nghiep/thuoc-tru-benh-sinh-hoc,https://www.hoptrisummit.com/tin-tuc/tin-nong-nghiep/thuoc-tru-benh-sinh-hoc,Đúng,3,3,10,21,10,17,62,62,3,39,54,54,-,-,,,,,,,,,,,,,,,,
Thuốc trừ cỏ,thuốc cỏ tiền nảy mầm,thuốc trừ cỏ hậu nảy mầm,Yes,,Sản phẩm,40,Tối ưu content,,https://www.hoptrisummit.com/tin-tuc/tin-nong-nghiep/thuoc-tru-co-hau-nay-mam-som,#N/A,Sai,3,3,23,12,15,18,20,-,3,-,2,2,1,-,,,,,,,,,,,,,,,,
Ốc bươu vàng,thuốc ốc bươu vàng,thuốc trừ ốc,Yes,5,Sản phẩm,110,Tối ưu content,https://www.hoptrisummit.com/san-pham/thuoc-bao-ve-thuc-vat/thuoc-tru-oc/thuoc-tru-oc,https://www.hoptrisummit.com/quy-trinh-giai-phap/cay-lua/phong-tru-oc-buou-vang-hai-lua,https://www.hoptrisummit.com/san-pham/thuoc-bao-ve-thuc-vat/thuoc-tru-oc/thuoc-tru-oc,Sai,3,3,8,6,9,7,11,6,3,6,1,1,2,10,,,,,,,,,,,,,,,,
Bệnh lý – Sầu riêng,vàng lá thối rễ,vàng lá thối rễ,No,,Blog,170,Viết mới,https://www.hoptrisummit.com/quy-trinh-giai-phap/cay-sau-rieng/vang-la-thoi-re,https://www.hoptrisummit.com/quy-trinh-giai-phap/cay-sau-rieng/thuoc-dac-tri-vang-la-thoi-re,Indexed,Sai,3,3,3,3,3,3,3,3,3,20,52,52,34,50,,,,,,,,,,,,,,,,
Sâu hại – Lúa,vòng đời sâu đục thân,vòng đời sâu đục thân,Yes,6,Blog,140,Viết mới,https://www.hoptrisummit.com/quy-trinh-giai-phap/cay-lua/vong-doi-sau-duc-than,https://www.hoptrisummit.com/quy-trinh-giai-phap/cay-lua/vong-doi-sau-duc-than,Indexed,Đúng,3,3,1,1,1,4,3,5,3,3,15,15,14,34,,,,,,,,,,,,,,,,
Bệnh lý – Lúa,bạc lá,bạc lá lúa,Yes,,Blog,140,Viết mới,https://www.hoptrisummit.com/quy-trinh-giai-phap/cay-lua/bac-la,https://www.hoptrisummit.com/quy-trinh-giai-phap/cay-lua/bac-la,https://www.hoptrisummit.com/quy-trinh-giai-phap/cay-lua/bac-la,Đúng,4,4,2,7,7,11,5,8,4,-,-,-,-,-,,,,,,,,,,,,,,,,
Kiến thức sâu bệnh,thế nào là bệnh hại cây trồng,bệnh hại cây trồng,No,,Blog,110,Viết mới,https://www.hoptrisummit.com/tin-tuc/tin-nong-nghiep/benh-hai-cay-trong,https://www.hoptrisummit.com/tin-tuc/tin-nong-nghiep/benh-hai-cay-trong,https://www.hoptrisummit.com/tin-tuc/tin-nong-nghiep/benh-hai-cay-trong,Đúng,4,4,13,12,13,12,7,7,4,28,17,17,18,-,,,,,,,,,,,,,,,,
Bệnh lý – Rau màu,thuốc trị bệnh sương mai cà chua,bệnh sương mai cà chua,Yes,,Blog,10,Viết mới,https://www.hoptrisummit.com/quy-trinh-giai-phap/cay-trong-khac/cay-ca-chua/benh-suong-mai-tren-cay-ca-chua,https://www.hoptrisummit.com/quy-trinh-giai-phap/cay-trong-khac/cay-ca-chua/benh-suong-mai-tren-cay-ca-chua,Indexed,Đúng,4,4,2,3,3,2,3,5,4,-,-,-,-,-,,,,,,,,,,,,,,,,
Bệnh lý – Tổng hợp,bệnh thán thư là gì,bệnh thán thư là gì,Yes,,Blog,90,Viết mới,https://www.hoptrisummit.com/quy-trinh-giai-phap/cay-trong-khac/benh-than-thu-la-gi,https://www.hoptrisummit.com/quy-trinh-giai-phap/cay-sau-rieng/benh-than-thu-tren-sau-rieng,#N/A,Sai,4,4,10,11,-,9,6,10,4,2,3,3,3,2,,,,,,,,,,,,,,,,
Bệnh lý – Rau màu,bệnh thối nhũn,bệnh thối nhũn,Yes,,Blog,50,Viết mới,https://www.hoptrisummit.com/quy-trinh-giai-phap/cay-trong-khac/cay-rau-mau/benh-thoi-nhun,https://www.hoptrisummit.com/tin-tuc/tin-nong-nghiep/benh-thoi-nhun,https://www.hoptrisummit.com/quy-trinh-giai-phap/cay-trong-khac/cay-rau-mau/benh-thoi-nhun,Sai,4,4,3,1,5,5,5,12,4,9,-,-,-,-,,,,,,,,,,,,,,,,
Bệnh lý – Sầu riêng,bệnh xì mủ trên cây sầu riêng,bệnh xì mủ trên cây sầu riêng,Yes,3,Blog,50,Viết mới,https://www.hoptrisummit.com/quy-trinh-giai-phap/cay-sau-rieng/benh-xi-mu-tren-cay-sau-rieng,https://www.hoptrisummit.com/quy-trinh-giai-phap/cay-sau-rieng/benh-xi-mu-tren-cay-sau-rieng,Indexed,Đúng,4,4,2,4,2,1,1,1,4,2,2,2,5,2,,,,,,,,,,,,,,,,
Bệnh lý – Sầu riêng,nứt thân sầu riêng,bệnh xì mủ trên cây sầu riêng,Yes,1,Blog,20,Viết mới,https://www.hoptrisummit.com/quy-trinh-giai-phap/cay-sau-rieng/benh-xi-mu-tren-cay-sau-rieng,https://www.hoptrisummit.com/quy-trinh-giai-phap/cay-sau-rieng/benh-xi-mu-tren-cay-sau-rieng,Indexed,Đúng,4,4,4,2,2,1,1,1,4,14,23,23,15,16,,,,,,,,,,,,,,,,
Thuốc BVTV,các loại thuốc bảo vệ thực vật,các loại thuốc bảo vệ thực vật,Yes,,Blog,170,Viết mới,,https://www.hoptrisummit.com/san-pham/thuoc-bao-ve-thuc-vat,#N/A,Sai,4,4,4,4,4,4,4,14,4,17,15,15,10,8,,,,,,,,,,,,,,,,
Kỹ thuật canh tác – Sầu riêng,cách chăm sóc sầu riêng con,cách chăm sóc sầu riêng con,Yes,,Blog,30,Viết mới,https://www.hoptrisummit.com/quy-trinh-giai-phap/cay-sau-rieng/cach-cham-soc-cay-sau-rieng-con,https://www.hoptrisummit.com/quy-trinh-giai-phap/cay-sau-rieng/cach-cham-soc-cay-sau-rieng-con,https://www.hoptrisummit.com/quy-trinh-giai-phap/cay-sau-rieng/cach-cham-soc-cay-sau-rieng-con,Đúng,4,4,3,5,5,4,-,-,4,5,10,10,7,7,,,,,,,,,,,,,,,,
Bệnh lý – Sầu riêng,đen mắt cua sầu riêng,đen bông sầu riêng,Yes,8,Blog,20,Viết mới,https://www.hoptrisummit.com/quy-trinh-giai-phap/cay-sau-rieng/den-bong-sau-rieng,https://www.hoptrisummit.com/quy-trinh-giai-phap/cay-sau-rieng/dom-mat-cua-sau-rieng,Indexed,Sai,4,4,8,6,6,8,7,8,4,-,-,-,-,-,,,,,,,,,,,,,,,,
Bệnh lý – Sầu riêng,đốm mắt cua sầu riêng,đốm mắt cua sầu riêng,Yes,7,Blog,140,Viết mới,https://www.hoptrisummit.com/quy-trinh-giai-phap/cay-sau-rieng/dom-mat-cua-sau-rieng,https://www.hoptrisummit.com/quy-trinh-giai-phap/cay-sau-rieng/dom-mat-cua-sau-rieng,https://www.hoptrisummit.com/quy-trinh-giai-phap/cay-sau-rieng/dom-mat-cua-sau-rieng,Đúng,4,4,4,4,5,4,4,5,4,3,5,5,9,11,,,,,,,,,,,,,,,,
Kỹ thuật canh tác – Lúa,quy trình chăm sóc cây lúa,kỹ thuật chăm sóc lúa gieo sạ,Yes,,Blog,20,Viết mới,https://www.hoptrisummit.com/quy-trinh-giai-phap/cay-lua/ky-thuat-cham-soc-lua-gieo-sa,https://www.hoptrisummit.com/quy-trinh-giai-phap/cay-lua/cham-soc-cay-lua,https://www.hoptrisummit.com/quy-trinh-giai-phap/cay-lua/ky-thuat-cham-soc-lua-gieo-sa,Sai,4,4,3,-,-,-,-,-,4,-,9,9,7,8,,,,,,,,,,,,,,,,
Phân bón lá,phân bón lá sinh học,phân bón lá sinh học,Yes,,Blog,50,Viết mới,,https://www.hoptrisummit.com/tin-tuc/tin-nong-nghiep/phan-bon-la-sinh-hoc,#N/A,Sai,4,4,4,-,5,3,5,-,4,48,5,5,7,-,,,,,,,,,,,,,,,,
Phân bón lá,phun kali qua lá,phun kali qua lá,Yes,,Blog,110,Viết mới,https://www.hoptrisummit.com/quy-trinh-giai-phap/cay-trong-khac/cung-cap-kali-bang-phan-bon-la,https://www.hoptrisummit.com/quy-trinh-giai-phap/cay-trong-khac/cung-cap-kali-bang-phan-bon-la,https://www.hoptrisummit.com/quy-trinh-giai-phap/cay-trong-khac/cung-cap-kali-bang-phan-bon-la,Đúng,4,4,4,4,6,6,5,13,4,-,5,5,-,-,,,,,,,,,,,,,,,,
Bệnh lý – Sầu riêng,thuốc nấm trái sầu riêng,phytophthora sầu riêng,Yes,2,Blog,20,Tối ưu technical,https://www.hoptrisummit.com/quy-trinh-giai-phap/cay-sau-rieng/phong-tru-benh-hai-do-nam-phytophthora-tren-cay-sau-rieng,https://www.hoptrisummit.com/quy-trinh-giai-phap/cay-sau-rieng/phong-tru-benh-hai-do-nam-phytophthora-tren-cay-sau-rieng,#N/A,Đúng,4,4,3,4,3,3,3,3,4,1,1,1,1,1,,,,,,,,,,,,,,,,
Kinh doanh BVTV,sầu riêng gai nhím,sầu riêng gai nù,Yes,,Blog,590,Viết mới,https://www.hoptrisummit.com/quy-trinh-giai-phap/cay-sau-rieng/sau-rieng-bi-gai-nu,https://www.hoptrisummit.com/quy-trinh-giai-phap/cay-sau-rieng/sau-rieng-bi-gai-nu,#N/A,Đúng,4,4,6,-,-,7,-,9,4,-,-,-,-,-,,,,,,,,,,,,,,,,
Chuột & động vật hại,thuốc diệt chuột sinh học là gì,thuốc chuột dạng viên,No,,Sản phẩm,40,Tối ưu content,https://www.hoptrisummit.com/san-pham/suc-khoe-cong-dong/diet-chuot/thuoc-diet-chuot-storm-0-005,https://www.hoptrisummit.com/san-pham/suc-khoe-cong-dong/diet-chuot/thuoc-diet-chuot-storm-0-005,https://www.hoptrisummit.com/san-pham/suc-khoe-cong-dong/diet-chuot/thuoc-diet-chuot-storm-0-005,Đúng,4,4,4,8,13,6,7,7,4,1,1,1,1,1,,,,,,,,,,,,,,,,
Bệnh lý – Rau màu,thuốc trị bệnh sương mai,thuốc trị bệnh sương mai,Yes,,Sản phẩm,50,Tối ưu content,https://www.hoptrisummit.com/san-pham/thuoc-bao-ve-thuc-vat/thuoc-tru-benh/phytocide-50wp,https://www.hoptrisummit.com/quy-trinh-giai-phap/cay-trong-khac/cay-rau-mau/bien-phap-phong-tru-benh-gia-suong-mai-tren-cay-dua-leo,https://www.hoptrisummit.com/san-pham/thuoc-bao-ve-thuc-vat/thuoc-tru-benh/phytocide-50wp,Sai,4,4,4,4,4,4,4,4,4,16,15,15,15,22,,,,,,,,,,,,,,,,
Bệnh lý – Rau màu,thuốc trị bệnh héo xanh trên cây cà chua,thuốc trị héo xanh,Yes,7,Blog,10,Tối ưu technical,https://www.hoptrisummit.com/quy-trinh-giai-phap/cay-trong-khac/cay-rau-mau/bien-phap-quan-ly-benh-heo-xanh-tren-cay-trong-ho-ca-va-ho-bau-bi-dua,https://www.hoptrisummit.com/quy-trinh-giai-phap/cay-trong-khac/cay-rau-mau/bien-phap-quan-ly-benh-heo-xanh-tren-cay-trong-ho-ca-va-ho-bau-bi-dua,#N/A,Đúng,4,4,4,4,4,6,6,3,4,5,5,5,5,-,,,,,,,,,,,,,,,,
Bệnh lý – Rau màu,thuốc trị héo xanh cà chua,thuốc trị héo xanh,Yes,7,Blog,10,Tối ưu technical,https://www.hoptrisummit.com/quy-trinh-giai-phap/cay-trong-khac/cay-rau-mau/bien-phap-quan-ly-benh-heo-xanh-tren-cay-trong-ho-ca-va-ho-bau-bi-dua,https://www.hoptrisummit.com/quy-trinh-giai-phap/cay-trong-khac/cay-rau-mau/bien-phap-quan-ly-benh-heo-xanh-tren-cay-trong-ho-ca-va-ho-bau-bi-dua,#N/A,Đúng,4,4,4,4,3,4,4,5,4,2,3,3,2,-,,,,,,,,,,,,,,,,
Sâu hại – Tổng hợp,trừ sâu sinh học,thuốc trừ sâu,No,,DMSP,170,Tối ưu technical,https://www.hoptrisummit.com/san-pham/thuoc-bao-ve-thuc-vat/thuoc-tru-sau,https://www.hoptrisummit.com/san-pham/thuoc-bao-ve-thuc-vat/thuoc-tru-sau,https://www.hoptrisummit.com/san-pham/thuoc-bao-ve-thuc-vat/thuoc-tru-sau,Đúng,4,4,4,5,5,3,3,6,4,-,-,-,-,-,,,,,,,,,,,,,,,,
Sâu hại – Lúa,cách trị sâu đục thân hại lúa,vòng đời sâu đục thân,Yes,6,Blog,110,Viết mới,https://www.hoptrisummit.com/quy-trinh-giai-phap/cay-lua/vong-doi-sau-duc-than,https://www.hoptrisummit.com/quy-trinh-giai-phap/cay-lua/cach-cuu-cay-bi-sau-duc-than,Indexed,Sai,4,4,4,4,4,3,2,2,4,1,6,6,7,-,,,,,,,,,,,,,,,,
Sâu hại – Lúa,thuốc đặc trị sâu đục thân lúa,vòng đời sâu đục thân,Yes,3,Blog,210,Viết mới,https://www.hoptrisummit.com/quy-trinh-giai-phap/cay-lua/vong-doi-sau-duc-than,https://www.hoptrisummit.com/quy-trinh-giai-phap/cay-lua/cach-cuu-cay-bi-sau-duc-than,Indexed,Sai,4,4,4,4,6,4,-,-,4,22,40,40,23,13,,,,,,,,,,,,,,,,
Bệnh lý – Cây công nghiệp,bệnh khô cành trên cây cà phê,bệnh khô cành khô quả trên cây cà phê,Yes,,Blog,30,Viết mới,https://www.hoptrisummit.com/quy-trinh-giai-phap/cay-trong-khac/benh-kho-canh-kho-qua-tren-cay-ca-phe,https://www.hoptrisummit.com/quy-trinh-giai-phap/cay-trong-khac/benh-kho-canh-kho-qua-tren-cay-ca-phe,https://www.hoptrisummit.com/quy-trinh-giai-phap/cay-trong-khac/benh-kho-canh-kho-qua-tren-cay-ca-phe,Đúng,5,5,5,7,5,3,9,20,5,1,1,1,4,4,,,,,,,,,,,,,,,,
Bệnh lý – Sầu riêng,cách trị bệnh sầu riêng,bệnh sầu riêng,Yes,6,Blog,10,Viết mới,https://www.hoptrisummit.com/quy-trinh-giai-phap/cay-sau-rieng/benh-tren-cay-sau-rieng,http://www.hoptrisummit.com/quy-trinh-giai-phap/cay-sau-rieng/benh-tren-cay-sau-rieng,Indexed,Sai,5,5,4,5,5,6,7,4,5,1,4,4,4,3,,,,,,,,,,,,,,,,
Bệnh lý – Rau màu,bệnh sương mai,bệnh sương mai,Yes,4,Blog,590,Viết mới,,https://www.hoptrisummit.com/quy-trinh-giai-phap/cay-trong-khac/cay-rau-mau/bien-phap-phong-tru-benh-gia-suong-mai-tren-cay-dua-leo,#N/A,Sai,5,5,4,4,4,4,4,4,5,-,4,4,5,-,,,,,,,,,,,,,,,,
Bệnh lý – Lúa,bệnh xoăn lá,bệnh xoăn lá,Yes,4,Blog,50,Viết mới,,https://www.hoptrisummit.com/quy-trinh-giai-phap/cay-trong-khac/cay-ca-chua/benh-xoan-la-tren-cay-ca-chua-va-bien-phap-quan-ly,#N/A,Sai,5,5,5,5,5,5,5,5,5,-,-,-,-,-,,,,,,,,,,,,,,,,
Bệnh lý – Sầu riêng,đốm mắt cua trên sầu riêng,đốm mắt cua sầu riêng,Yes,7,Blog,20,Viết mới,https://www.hoptrisummit.com/quy-trinh-giai-phap/cay-sau-rieng/dom-mat-cua-sau-rieng,https://www.hoptrisummit.com/quy-trinh-giai-phap/cay-sau-rieng/dom-mat-cua-sau-rieng,https://www.hoptrisummit.com/quy-trinh-giai-phap/cay-sau-rieng/dom-mat-cua-sau-rieng,Đúng,5,5,6,6,6,4,4,6,5,-,-,-,-,-,,,,,,,,,,,,,,,,
Chuột & động vật hại,thuốc diệt chuột,thuốc diệt chuột,Yes,3,DMSP,5400,Tối ưu technical,https://www.hoptrisummit.com/san-pham/suc-khoe-cong-dong/diet-chuot,https://www.hoptrisummit.com/san-pham/suc-khoe-cong-dong/diet-chuot/thuoc-diet-chuot-storm-0-005,https://www.hoptrisummit.com/san-pham/suc-khoe-cong-dong/diet-chuot,Sai,5,5,9,4,4,5,4,6,5,-,-,-,-,-,,,,,,,,,,,,,,,,
Sâu hại – Tổng hợp,thuốc diệt nhện đỏ,thuốc diệt nhện,Yes,5,Sản phẩm,90,Tối ưu content,https://www.hoptrisummit.com/san-pham/thuoc-bao-ve-thuc-vat/thuoc-tru-sau/nilmite-550sc,https://www.hoptrisummit.com/san-pham/thuoc-bao-ve-thuc-vat/thuoc-tru-sau/nilmite-550sc,https://www.hoptrisummit.com/san-pham/thuoc-bao-ve-thuc-vat/thuoc-tru-sau/nilmite-550sc,Đúng,5,5,4,5,5,4,5,5,5,-,-,-,-,-,,,,,,,,,,,,,,,,
Bệnh lý – Lúa,thuốc đặc trị bệnh đạo ôn cổ bông trên lúa,thuốc đặc trị đạo ôn,Yes,6,Sản phẩm,20,Tối ưu content,https://www.hoptrisummit.com/san-pham/thuoc-bao-ve-thuc-vat/thuoc-tru-benh/taiyou-20sc,https://www.hoptrisummit.com/quy-trinh-giai-phap/cay-lua/dao-on-co-bong,https://www.hoptrisummit.com/san-pham/thuoc-bao-ve-thuc-vat/thuoc-tru-benh/taiyou-20sc,Sai,5,5,4,9,10,11,13,26,5,-,-,-,-,-,,,,,,,,,,,,,,,,
Sâu hại – Rau màu,cách trị rầy phấn trắng,thuốc trị rầy phấn trắng,Yes,,Blog,30,Tối ưu technical,https://www.hoptrisummit.com/quy-trinh-giai-phap/cay-trong-khac/ray-phan-trang-bien-phap-phong-tru,https://www.hoptrisummit.com/quy-trinh-giai-phap/cay-trong-khac/ray-phan-trang-bien-phap-phong-tru,https://www.hoptrisummit.com/quy-trinh-giai-phap/cay-trong-khac/ray-phan-trang-bien-phap-phong-tru,Đúng,5,5,6,6,6,5,6,6,5,2,13,13,51,13,,,,,,,,,,,,,,,,
Bệnh lý – Lúa,thuốc trị vi khuẩn lúa,thuốc trị vi khuẩn lúa,Yes,,Sản phẩm,30,Tối ưu content,,https://www.hoptrisummit.com/san-pham/thuoc-bao-ve-thuc-vat/thuoc-tru-benh/agrilife-100sl,#N/A,Sai,5,5,-,6,-,-,-,38,5,-,-,-,-,-,,,,,,,,,,,,,,,,
Thuốc trừ cỏ,thuốc trừ cỏ hậu nảy mầm tốt nhất,thuốc trừ cỏ hậu nảy mầm,Yes,4,Sản phẩm,140,Tối ưu content,https://www.hoptrisummit.com/san-pham/thuoc-bao-ve-thuc-vat/thuoc-tru-co/hilton-usa-320ec,https://www.hoptrisummit.com/tin-tuc/tin-nong-nghiep/thuoc-tru-co-hau-nay-mam-som,https://www.hoptrisummit.com/san-pham/thuoc-bao-ve-thuc-vat/thuoc-tru-co/hilton-usa-320ec,Sai,5,5,8,7,10,8,8,57,5,-,-,-,-,-,,,,,,,,,,,,,,,,
Sâu hại – Tổng hợp,thuốc trừ sâu sinh học,thuốc trừ sâu,Yes,,DMSP,2400,Tối ưu technical,https://www.hoptrisummit.com/san-pham/thuoc-bao-ve-thuc-vat/thuoc-tru-sau,https://www.hoptrisummit.com/san-pham/thuoc-bao-ve-thuc-vat/thuoc-tru-sau,https://www.hoptrisummit.com/san-pham/thuoc-bao-ve-thuc-vat/thuoc-tru-sau,Đúng,5,5,5,4,4,5,5,5,5,-,-,-,-,-,,,,,,,,,,,,,,,,
Sâu hại – Tổng hợp,tỷ lệ pha thuốc trừ sâu sinh học,thuốc trừ sâu sinh học là gì,Yes,,Blog,40,Viết mới,https://www.hoptrisummit.com/tin-tuc/tin-nong-nghiep/thuoc-tru-sau-sinh-hoc-la-gi,https://www.hoptrisummit.com/tin-tuc/tin-nong-nghiep/thuoc-tru-sau-sinh-hoc-la-gi,https://www.hoptrisummit.com/tin-tuc/tin-nong-nghiep/thuoc-tru-sau-sinh-hoc-la-gi,Đúng,5,5,10,8,8,9,9,9,5,5,12,12,4,5,,,,,,,,,,,,,,,,
Bệnh lý – Rau màu,sương mai cà chua,bệnh sương mai cà chua,Yes,,Blog,70,Viết mới,https://www.hoptrisummit.com/quy-trinh-giai-phap/cay-trong-khac/cay-ca-chua/benh-suong-mai-tren-cay-ca-chua,https://www.hoptrisummit.com/quy-trinh-giai-phap/cay-trong-khac/cay-ca-chua/benh-suong-mai-tren-cay-ca-chua,Indexed,Đúng,6,6,3,4,4,5,5,6,6,-,-,-,-,-,,,,,,,,,,,,,,,,
Bệnh lý – Rau màu,bệnh thán thư trên cà chua,bệnh thán thư trên cà chua,Yes,4,Blog,20,Viết mới,https://www.hoptrisummit.com/quy-trinh-giai-phap/cay-trong-khac/benh-than-thu-tren-cay-ca-chua,https://www.hoptrisummit.com/quy-trinh-giai-phap/cay-trong-khac/benh-than-thu-tren-cay-ca-chua,https://www.hoptrisummit.com/quy-trinh-giai-phap/cay-trong-khac/benh-than-thu-tren-cay-ca-chua,Đúng,6,6,6,6,5,5,5,10,6,-,-,-,-,-,,,,,,,,,,,,,,,,
Kiến thức bệnh hại,các loại nấm gây bệnh ở thực vật,các loại nấm gây bệnh ở thực vật,Yes,,Blog,40,Tối ưu content,https://www.hoptrisummit.com/tin-tuc/tin-nong-nghiep/cac-loai-nam-gay-benh-o-thuc-vat,https://www.hoptrisummit.com/tin-tuc/tin-nong-nghiep/cac-loai-nam-gay-benh-o-thuc-vat,https://www.hoptrisummit.com/tin-tuc/tin-nong-nghiep/cac-loai-nam-gay-benh-o-thuc-vat,Đúng,6,6,16,12,14,13,18,17,6,-,-,-,-,-,,,,,,,,,,,,,,,,
Kỹ thuật canh tác – Sầu riêng,phân bón chống rụng trái non,chống rụng hoa và trái non,Yes,,Blog,10,Tối ưu technical,https://www.hoptrisummit.com/quy-trinh-giai-phap/cay-trong-khac/cay-rau-mau/chong-rung-hoa-va-trai-non,https://www.hoptrisummit.com/tin-tuc/tin-nong-nghiep/chong-rung-hoa-va-trai-non,https://www.hoptrisummit.com/quy-trinh-giai-phap/cay-trong-khac/cay-rau-mau/chong-rung-hoa-va-trai-non,Sai,6,6,8,8,11,16,18,7,6,23,7,7,14,-,,,,,,,,,,,,,,,,
Bệnh lý – Sầu riêng,bệnh đốm mắt cua trên cây sầu riêng,đốm mắt cua sầu riêng,Yes,7,Blog,70,Viết mới,https://www.hoptrisummit.com/quy-trinh-giai-phap/cay-sau-rieng/dom-mat-cua-sau-rieng,https://www.hoptrisummit.com/quy-trinh-giai-phap/cay-sau-rieng/dom-mat-cua-sau-rieng,https://www.hoptrisummit.com/quy-trinh-giai-phap/cay-sau-rieng/dom-mat-cua-sau-rieng,Đúng,6,6,5,5,5,4,4,5,6,-,-,-,-,-,,,,,,,,,,,,,,,,
Bệnh lý – Sầu riêng,hoạt chất trị nấm phytophthora,hoạt chất trị nấm phytophthora,Yes,9,Sản phẩm,90,Tối ưu content,https://www.hoptrisummit.com/san-pham/thuoc-bao-ve-thuc-vat/thuoc-tru-benh/eddy-72wp,https://www.hoptrisummit.com/quy-trinh-giai-phap/cay-sau-rieng/phong-tru-benh-hai-do-nam-phytophthora-tren-cay-sau-rieng,#N/A,Sai,6,6,6,7,6,4,5,7,6,1,6,6,5,4,,,,,,,,,,,,,,,,
Kỹ thuật canh tác – Lúa,kỹ thuật chăm sóc lúa gieo sạ,kỹ thuật chăm sóc lúa gieo sạ,Yes,,Blog,90,Viết mới,https://www.hoptrisummit.com/quy-trinh-giai-phap/cay-lua/ky-thuat-cham-soc-lua-gieo-sa,https://www.hoptrisummit.com/quy-trinh-giai-phap/cay-lua/bon-phan-cho-lua,https://www.hoptrisummit.com/quy-trinh-giai-phap/cay-lua/ky-thuat-cham-soc-lua-gieo-sa,Sai,6,6,3,3,3,7,10,4,6,1,1,1,1,1,,,,,,,,,,,,,,,,
Sâu hại – Tổng hợp,phun thuốc trừ sâu đúng cách,phun thuốc trừ sâu đúng cách,Yes,,Blog,50,Viết mới,https://www.hoptrisummit.com/tin-tuc/tin-nong-nghiep/phun-thuoc-tru-sau-dung-cach,https://www.hoptrisummit.com/tin-tuc/tin-nong-nghiep/phun-thuoc-tru-sau-dung-cach,https://www.hoptrisummit.com/tin-tuc/tin-nong-nghiep/phun-thuoc-tru-sau-dung-cach,Đúng,6,6,7,5,6,9,12,8,6,-,49,49,-,51,,,,,,,,,,,,,,,,
Kỹ thuật canh tác – Sầu riêng,thuốc chống rụng trái non,thuốc chống rụng trái non,Yes,,Sản phẩm,140,,,https://www.hoptrisummit.com/tin-tuc/tin-nong-nghiep/chong-rung-hoa-va-trai-non,#N/A,Sai,6,6,6,6,9,9,11,6,6,5,4,4,5,5,,,,,,,,,,,,,,,,
Chuột & động vật hại,thuốc chuột viên,thuốc chuột dạng viên,Yes,8,Sản phẩm,70,Tối ưu content,https://www.hoptrisummit.com/san-pham/suc-khoe-cong-dong/diet-chuot/thuoc-diet-chuot-storm-0-005,https://www.hoptrisummit.com/san-pham/suc-khoe-cong-dong/diet-chuot/thuoc-diet-chuot-storm-0-005,https://www.hoptrisummit.com/san-pham/suc-khoe-cong-dong/diet-chuot/thuoc-diet-chuot-storm-0-005,Đúng,6,6,4,3,3,3,4,5,6,-,5,5,5,18,,,,,,,,,,,,,,,,
Thuốc trừ cỏ,thuốc trừ cỏ hậu nảy mầm,thuốc trừ cỏ hậu nảy mầm,Yes,,Sản phẩm,70,Tối ưu content,https://www.hoptrisummit.com/san-pham/thuoc-bao-ve-thuc-vat/thuoc-tru-co/hilton-usa-320ec,https://www.hoptrisummit.com/tin-tuc/tin-nong-nghiep/thuoc-tru-co-hau-nay-mam-som,https://www.hoptrisummit.com/san-pham/thuoc-bao-ve-thuc-vat/thuoc-tru-co/hilton-usa-320ec,Sai,6,6,8,8,8,8,9,-,6,3,5,5,4,3,,,,,,,,,,,,,,,,
Thuốc trừ cỏ,thuốc trừ cỏ tiền nảy mầm,thuốc trừ cỏ hậu nảy mầm,Yes,,Sản phẩm,70,Tối ưu content,,https://www.hoptrisummit.com/tin-tuc/tin-nong-nghiep/thuoc-tru-co-hau-nay-mam-som,#N/A,Sai,6,6,16,12,12,12,11,-,6,-,2,2,2,2,,,,,,,,,,,,,,,,
Sâu hại – Tổng hợp,thuốc sâu sinh học,thuốc trừ sâu,Yes,,DMSP,390,Tối ưu technical,https://www.hoptrisummit.com/san-pham/thuoc-bao-ve-thuc-vat/thuoc-tru-sau,https://www.hoptrisummit.com/san-pham/thuoc-bao-ve-thuc-vat/thuoc-tru-sau,https://www.hoptrisummit.com/san-pham/thuoc-bao-ve-thuc-vat/thuoc-tru-sau,Đúng,6,6,6,6,5,7,6,8,6,-,43,43,-,-,,,,,,,,,,,,,,,,
Sâu hại – Lúa,sâu đục thân trên lúa,vòng đời sâu đục thân,Yes,,Blog,50,Viết mới,https://www.hoptrisummit.com/quy-trinh-giai-phap/cay-lua/vong-doi-sau-duc-than,https://www.hoptrisummit.com/quy-trinh-giai-phap/cay-lua/cach-cuu-cay-bi-sau-duc-than,Indexed,Sai,6,6,7,7,-,6,5,-,6,3,4,4,4,6,,,,,,,,,,,,,,,,
Kiến thức sâu bệnh,các loại bệnh hại cây trồng,bệnh hại cây trồng,Yes,,Blog,70,Viết mới,https://www.hoptrisummit.com/tin-tuc/tin-nong-nghiep/benh-hai-cay-trong,https://www.hoptrisummit.com/tin-tuc/tin-nong-nghiep/benh-hai-cay-trong,https://www.hoptrisummit.com/tin-tuc/tin-nong-nghiep/benh-hai-cay-trong,Đúng,7,7,21,23,10,19,23,24,7,-,-,-,-,41,,,,,,,,,,,,,,,,
Bệnh lý – Sầu riêng,nấm bệnh trên cây sầu riêng,bệnh sầu riêng,Yes,,Blog,20,Viết mới,https://www.hoptrisummit.com/quy-trinh-giai-phap/cay-sau-rieng/benh-tren-cay-sau-rieng,https://www.hoptrisummit.com/quy-trinh-giai-phap/cay-sau-rieng/phong-tru-benh-hai-do-nam-phytophthora-tren-cay-sau-rieng,Indexed,Sai,7,7,5,7,7,5,7,7,7,-,-,-,-,-,,,,,,,,,,,,,,,,
Bệnh lý – Cây công nghiệp,bệnh thán thư trên cà phê,bệnh thán thư cà phê,Yes,,Blog,30,Viết mới,https://www.hoptrisummit.com/quy-trinh-giai-phap/cay-trong-khac/cay-ca-phe/benh-than-thu-ca-phe,https://www.hoptrisummit.com/quy-trinh-giai-phap/cay-trong-khac/cay-ca-phe/benh-than-thu-ca-phe,https://www.hoptrisummit.com/quy-trinh-giai-phap/cay-trong-khac/cay-ca-phe/benh-than-thu-ca-phe,Đúng,7,7,6,8,11,12,11,-,7,1,2,2,3,5,,,,,,,,,,,,,,,,
Kiến thức sâu bệnh,các loại sâu bệnh hại cây trồng,các loại sâu bệnh hại cây trồng,Yes,,Blog,110,Viết mới,,https://www.hoptrisummit.com/tin-tuc/tin-nong-nghiep/benh-hai-cay-trong,#N/A,Sai,7,7,31,-,-,-,34,-,7,-,-,-,-,-,,,,,,,,,,,,,,,,
Kỹ thuật canh tác – Sầu riêng,chăm sóc sầu riêng con,cách chăm sóc sầu riêng con,Yes,,Blog,40,Viết mới,https://www.hoptrisummit.com/quy-trinh-giai-phap/cay-sau-rieng/cach-cham-soc-cay-sau-rieng-con,https://www.hoptrisummit.com/quy-trinh-giai-phap/cay-sau-rieng/cach-cham-soc-cay-sau-rieng-con,https://www.hoptrisummit.com/quy-trinh-giai-phap/cay-sau-rieng/cach-cham-soc-cay-sau-rieng-con,Đúng,7,7,-,-,-,-,-,-,7,10,11,11,12,-,,,,,,,,,,,,,,,,
Bệnh lý – Lúa,cháy lá,cháy lá,Yes,,Blog,140,Viết mới,,https://www.hoptrisummit.com/quy-trinh-giai-phap/cay-sau-rieng/chay-la-sau-rieng,#N/A,Sai,7,7,-,-,-,-,2,5,7,-,58,58,61,-,,,,,,,,,,,,,,,,
Phân bón lá,phân bón lá hữu cơ,phân bón lá hữu cơ,Yes,,DMSP,90,Tối ưu technical,https://www.hoptrisummit.com/san-pham/dinh-duong-cay-trong/phan-bon-la,https://www.hoptrisummit.com/tin-tuc/tin-nong-nghiep/phan-bon-la-sinh-hoc,,Sai,7,7,-,-,-,-,-,5,7,-,6,6,5,6,,,,,,,,,,,,,,,,
Phân bón lá,phân bón lá vi lượng,phân bón lá vi lượng,Yes,,Blog,170,Viết mới,https://www.hoptrisummit.com/tin-tuc/tin-nong-nghiep/phan-bon-la-vi-luong,https://www.hoptrisummit.com/tin-tuc/tin-nong-nghiep/phan-bon-la-trung-vi-luong,https://www.hoptrisummit.com/tin-tuc/tin-nong-nghiep/phan-bon-la-vi-luong,Sai,7,7,10,6,12,24,20,13,7,3,6,6,7,7,,,,,,,,,,,,,,,,
Sâu hại – Tổng hợp,thuốc diệt nhện,thuốc diệt nhện,Yes,,Sản phẩm,210,Tối ưu content,https://www.hoptrisummit.com/san-pham/thuoc-bao-ve-thuc-vat/thuoc-tru-sau/nilmite-550sc,https://www.hoptrisummit.com/san-pham/thuoc-bao-ve-thuc-vat/thuoc-tru-sau/nilmite-550sc,https://www.hoptrisummit.com/san-pham/thuoc-bao-ve-thuc-vat/thuoc-tru-sau/nilmite-550sc,Đúng,7,7,10,4,5,4,4,5,7,-,-,-,-,-,,,,,,,,,,,,,,,,
Thuốc BVTV,thuốc trừ bệnh sinh học,thuốc trừ bệnh sinh học,Yes,,Blog,50,Viết mới,https://www.hoptrisummit.com/tin-tuc/tin-nong-nghiep/thuoc-tru-benh-sinh-hoc,https://www.hoptrisummit.com/tin-tuc/tin-nong-nghiep/thuoc-tru-benh-sinh-hoc,https://www.hoptrisummit.com/tin-tuc/tin-nong-nghiep/thuoc-tru-benh-sinh-hoc,Đúng,7,7,20,19,15,16,16,20,7,87,67,67,-,-,,,,,,,,,,,,,,,,
Sâu hại – Tổng hợp,thuốc trừ sâu,thuốc trừ sâu,No,,DMSP,8100,Tối ưu technical,https://www.hoptrisummit.com/san-pham/thuoc-bao-ve-thuc-vat/thuoc-tru-sau,https://www.hoptrisummit.com/san-pham/thuoc-bao-ve-thuc-vat/thuoc-tru-sau,https://www.hoptrisummit.com/san-pham/thuoc-bao-ve-thuc-vat/thuoc-tru-sau,Đúng,7,7,3,4,6,7,3,8,7,38,-,-,-,-,,,,,,,,,,,,,,,,
Sâu hại – Tổng hợp,quy trình sản xuất thuốc trừ sâu sinh học,thuốc trừ sâu sinh học là gì,Yes,,Blog,50,Viết mới,https://www.hoptrisummit.com/tin-tuc/tin-nong-nghiep/thuoc-tru-sau-sinh-hoc-la-gi,https://www.hoptrisummit.com/tin-tuc/tin-nong-nghiep/thuoc-tru-sau-sinh-hoc-la-gi,https://www.hoptrisummit.com/tin-tuc/tin-nong-nghiep/thuoc-tru-sau-sinh-hoc-la-gi,Đúng,7,7,-,-,-,-,-,-,7,25,75,75,-,-,,,,,,,,,,,,,,,,
Bệnh lý – Sầu riêng,nứt thân xì mủ,xì mủ,No,,Blog,140,Viết mới,https://hoptrisummit.com/quy-trinh-giai-phap/cay-co-mui/xi-mu,https://www.hoptrisummit.com/quy-trinh-giai-phap/cay-sau-rieng/benh-xi-mu-tren-cay-sau-rieng,https://hoptrisummit.com/quy-trinh-giai-phap/cay-co-mui/xi-mu,Sai,7,7,9,6,7,8,2,3,7,-,-,-,-,-,,,,,,,,,,,,,,,,
Bệnh lý – Lúa,bạc lá lúa,bạc lá lúa,Yes,7,Blog,210,Viết mới,https://www.hoptrisummit.com/quy-trinh-giai-phap/cay-lua/bac-la,https://www.hoptrisummit.com/quy-trinh-giai-phap/cay-lua/bac-la,https://www.hoptrisummit.com/quy-trinh-giai-phap/cay-lua/bac-la,Đúng,8,8,13,13,13,16,8,5,8,15,45,45,12,8,,,,,,,,,,,,,,,,
Bệnh lý – Cây công nghiệp,bệnh thán thư cà phê,bệnh thán thư cà phê,Yes,,Blog,70,Viết mới,https://www.hoptrisummit.com/quy-trinh-giai-phap/cay-trong-khac/cay-ca-phe/benh-than-thu-ca-phe,https://www.hoptrisummit.com/quy-trinh-giai-phap/cay-trong-khac/cay-ca-phe/benh-than-thu-ca-phe,https://www.hoptrisummit.com/quy-trinh-giai-phap/cay-trong-khac/cay-ca-phe/benh-than-thu-ca-phe,Đúng,8,8,7,7,14,14,14,-,8,1,2,2,7,9,,,,,,,,,,,,,,,,
Bệnh lý – Cây công nghiệp,thuốc trị thán thư cà phê,bệnh thán thư cà phê,Yes,,Blog,50,Viết mới,https://www.hoptrisummit.com/quy-trinh-giai-phap/cay-trong-khac/cay-ca-phe/benh-than-thu-ca-phe,https://www.hoptrisummit.com/quy-trinh-giai-phap/cay-trong-khac/cay-ca-phe/benh-than-thu-ca-phe,https://www.hoptrisummit.com/quy-trinh-giai-phap/cay-trong-khac/cay-ca-phe/benh-than-thu-ca-phe,Đúng,8,8,13,13,16,14,13,-,8,2,2,2,2,3,,,,,,,,,,,,,,,,
Bệnh lý – Lúa,bệnh lùn xoắn lá,bệnh vàng lùn trên lúa,Yes,,Blog,40,Viết mới,https://www.hoptrisummit.com/quy-trinh-giai-phap/cay-lua/benh-lun-xoan-la,https://www.hoptrisummit.com/quy-trinh-giai-phap/cay-lua/benh-lun-xoan-la,https://www.hoptrisummit.com/quy-trinh-giai-phap/cay-lua/benh-lun-xoan-la,Đúng,8,8,9,10,10,9,-,20,8,5,-,-,8,4,,,,,,,,,,,,,,,,
Kiến thức bệnh hại,nấm gây bệnh cây trồng,các loại nấm gây bệnh ở thực vật,Yes,4,Blog,20,Tối ưu content,https://www.hoptrisummit.com/quy-trinh-giai-phap/cay-co-mui/benh-hai-do-tac-nhan-nam-tren-cay-co-mui-cach-phong-tru,https://www.hoptrisummit.com/tin-tuc/tin-nong-nghiep/cac-loai-nam-gay-benh-o-thuc-vat,https://www.hoptrisummit.com/quy-trinh-giai-phap/cay-co-mui/benh-hai-do-tac-nhan-nam-tren-cay-co-mui-cach-phong-tru,Sai,8,8,8,13,7,8,10,10,8,16,20,20,20,-,,,,,,,,,,,,,,,,
Phân bón lá,các loại phân bón lá,các loại phân bón lá hữu cơ,Yes,,Blog,90,Viết mới,https://www.hoptrisummit.com/tin-tuc/tin-nong-nghiep/cac-loai-phan-bon-la,https://www.hoptrisummit.com/tin-tuc/tin-nong-nghiep/cac-loai-phan-bon-la,https://www.hoptrisummit.com/tin-tuc/tin-nong-nghiep/cac-loai-phan-bon-la,Đúng,8,8,8,7,8,8,8,9,8,6,3,3,4,8,,,,,,,,,,,,,,,,
Phân bón lá,các loại phân bón lá hữu cơ,các loại phân bón lá hữu cơ,Yes,3,Blog,480,Viết mới,https://www.hoptrisummit.com/tin-tuc/tin-nong-nghiep/cac-loai-phan-bon-la,https://www.hoptrisummit.com/tin-tuc/tin-nong-nghiep/cac-loai-phan-bon-la,https://www.hoptrisummit.com/tin-tuc/tin-nong-nghiep/cac-loai-phan-bon-la,Đúng,8,8,9,10,9,10,8,10,8,10,4,4,3,4,,,,,,,,,,,,,,,,
Bệnh lý – Sầu riêng,thuốc đặc trị bệnh thối nhũn,hoạt chất trị nấm phytophthora,Yes,,Sản phẩm,10,Tối ưu content,https://www.hoptrisummit.com/san-pham/thuoc-bao-ve-thuc-vat/thuoc-tru-benh/eddy-72wp,https://www.hoptrisummit.com/tin-tuc/tin-nong-nghiep/benh-thoi-nhun,#N/A,Sai,8,8,8,9,9,-,-,-,8,-,-,-,-,-,,,,,,,,,,,,,,,,
Chuột & động vật hại,thuốc diệt chuột thế hệ mới,thuốc chuột dạng viên,No,,Sản phẩm,50,Tối ưu content,https://www.hoptrisummit.com/san-pham/suc-khoe-cong-dong/diet-chuot/thuoc-diet-chuot-storm-0-005,https://www.hoptrisummit.com/san-pham/suc-khoe-cong-dong/diet-chuot/thuoc-diet-chuot-storm-0-005,https://www.hoptrisummit.com/san-pham/suc-khoe-cong-dong/diet-chuot/thuoc-diet-chuot-storm-0-005,Đúng,8,8,7,4,8,5,3,7,8,-,-,-,-,-,,,,,,,,,,,,,,,,
Thuốc BVTV,thuốc trừ bệnh cây trồng,thuốc trừ bệnh sinh học,Yes,7,Blog,50,Viết mới,https://www.hoptrisummit.com/tin-tuc/tin-nong-nghiep/thuoc-tru-benh-sinh-hoc,https://www.hoptrisummit.com/san-pham/thuoc-bao-ve-thuc-vat/thuoc-tru-benh,https://www.hoptrisummit.com/tin-tuc/tin-nong-nghiep/thuoc-tru-benh-sinh-hoc,Sai,8,8,10,9,9,9,10,8,8,13,13,13,45,-,,,,,,,,,,,,,,,,
Bệnh lý – Cây công nghiệp,thán thư cà phê,bệnh thán thư cà phê,Yes,,Blog,210,Viết mới,https://www.hoptrisummit.com/quy-trinh-giai-phap/cay-trong-khac/cay-ca-phe/benh-than-thu-ca-phe,https://www.hoptrisummit.com/quy-trinh-giai-phap/cay-trong-khac/cay-ca-phe/benh-than-thu-ca-phe,https://www.hoptrisummit.com/quy-trinh-giai-phap/cay-trong-khac/cay-ca-phe/benh-than-thu-ca-phe,Đúng,9,9,7,9,9,16,12,-,9,18,11,11,12,26,,,,,,,,,,,,,,,,
Bệnh lý – Sầu riêng,thuốc trị bệnh thối nhũn,hoạt chất trị nấm phytophthora,Yes,,Sản phẩm,10,Tối ưu content,https://www.hoptrisummit.com/san-pham/thuoc-bao-ve-thuc-vat/thuoc-tru-benh/eddy-72wp,https://www.hoptrisummit.com/tin-tuc/tin-nong-nghiep/benh-thoi-nhun,#N/A,Sai,9,9,9,11,9,-,-,-,9,-,14,14,-,-,,,,,,,,,,,,,,,,
Kỹ thuật canh tác – Lúa,chăm sóc cây lúa,kỹ thuật chăm sóc lúa gieo sạ,Yes,,Blog,20,Viết mới,https://www.hoptrisummit.com/quy-trinh-giai-phap/cay-lua/ky-thuat-cham-soc-lua-gieo-sa,https://www.hoptrisummit.com/quy-trinh-giai-phap/cay-lua/cham-soc-cay-lua,https://www.hoptrisummit.com/quy-trinh-giai-phap/cay-lua/ky-thuat-cham-soc-lua-gieo-sa,Sai,9,9,8,-,-,-,7,-,9,1,3,3,2,3,,,,,,,,,,,,,,,,
Bệnh lý – Lúa,thuốc đặc trị đạo ôn lúa,thuốc đặc trị đạo ôn,Yes,,Sản phẩm,50,Tối ưu content,https://www.hoptrisummit.com/san-pham/thuoc-bao-ve-thuc-vat/thuoc-tru-benh/taiyou-20sc,https://www.hoptrisummit.com/quy-trinh-giai-phap/cay-lua/benh-dao-on-la-lua-va-cach-phong-tru,https://www.hoptrisummit.com/san-pham/thuoc-bao-ve-thuc-vat/thuoc-tru-benh/taiyou-20sc,Sai,9,9,16,-,14,9,14,11,9,3,9,9,9,10,,,,,,,,,,,,,,,,
Bệnh lý – Lúa,thuốc trị đạo ôn cổ bông,thuốc đặc trị đạo ôn,No,,Sản phẩm,30,Tối ưu content,https://www.hoptrisummit.com/san-pham/thuoc-bao-ve-thuc-vat/thuoc-tru-benh/taiyou-20sc,https://www.hoptrisummit.com/quy-trinh-giai-phap/cay-lua/dao-on-co-bong,https://www.hoptrisummit.com/san-pham/thuoc-bao-ve-thuc-vat/thuoc-tru-benh/taiyou-20sc,Sai,9,9,7,8,3,3,4,13,9,-,13,13,9,15,,,,,,,,,,,,,,,,
Bệnh lý – Rau màu,bệnh thối nhũn trên rau cải,thuốc trị thối nhũn bắp cải,Yes,,Blog,70,Viết mới,https://www.hoptrisummit.com/quy-trinh-giai-phap/cay-trong-khac/benh-thoi-nhun-tren-rau-cai,https://www.hoptrisummit.com/quy-trinh-giai-phap/cay-trong-khac/benh-thoi-nhun-tren-rau-cai,https://www.hoptrisummit.com/quy-trinh-giai-phap/cay-trong-khac/benh-thoi-nhun-tren-rau-cai,Đúng,9,9,11,11,11,11,10,12,9,40,71,71,83,-,,,,,,,,,,,,,,,,
Thuốc trừ cỏ,thuốc cỏ diệt mầm,thuốc trừ cỏ hậu nảy mầm,Yes,,Sản phẩm,70,Tối ưu content,https://www.hoptrisummit.com/san-pham/thuoc-bao-ve-thuc-vat/thuoc-tru-co/hilton-usa-320ec,https://www.hoptrisummit.com/tin-tuc/tin-nong-nghiep/thuoc-tru-co-hau-nay-mam-som,https://www.hoptrisummit.com/san-pham/thuoc-bao-ve-thuc-vat/thuoc-tru-co/hilton-usa-320ec,Sai,9,9,15,28,27,27,23,-,9,2,3,3,3,-,,,,,,,,,,,,,,,,
Sâu hại – Tổng hợp,giá thuốc trừ sâu,thuốc trừ sâu,Yes,,DMSP,70,Tối ưu technical,https://www.hoptrisummit.com/san-pham/thuoc-bao-ve-thuc-vat/thuoc-tru-sau,https://www.hoptrisummit.com/san-pham/thuoc-bao-ve-thuc-vat/thuoc-tru-sau,https://www.hoptrisummit.com/san-pham/thuoc-bao-ve-thuc-vat/thuoc-tru-sau,Đúng,9,9,9,7,10,9,10,10,9,6,8,8,11,14,,,,,,,,,,,,,,,,
Sâu hại – Tổng hợp,thuốc trừ sâu là gì,thuốc trừ sâu là gì,Yes,,Blog,70,Viết mới,,https://www.hoptrisummit.com/tin-tuc/tin-nong-nghiep/thuoc-tru-sau-sinh-hoc-la-gi,#N/A,Sai,9,9,10,33,11,33,66,7,9,10,-,-,-,-,,,,,,,,,,,,,,,,
Sâu hại – Tổng hợp,thuốc trừ sâu mạnh nhất,thuốc trừ sâu mạnh nhất,Yes,,Blog,110,Viết mới,,https://www.hoptrisummit.com/san-pham/thuoc-bao-ve-thuc-vat/thuoc-tru-sau,#N/A,Sai,9,9,-,6,6,8,14,15,9,-,-,-,-,-,,,,,,,,,,,,,,,,
Chuột & động vật hại,thuốc chuột sinh học,thuốc chuột dạng viên,No,,Sản phẩm,590,Tối ưu content,https://www.hoptrisummit.com/san-pham/suc-khoe-cong-dong/diet-chuot/thuoc-diet-chuot-storm-0-005,https://www.hoptrisummit.com/san-pham/suc-khoe-cong-dong/diet-chuot/thuoc-diet-chuot-storm-0-005,https://www.hoptrisummit.com/san-pham/suc-khoe-cong-dong/diet-chuot/thuoc-diet-chuot-storm-0-005,Đúng,10,10,12,11,12,14,13,14,10,1,1,1,1,1,,,,,,,,,,,,,,,,
Ốc bươu vàng,thuốc diệt ốc bươu vàng,thuốc trừ ốc,Yes,,Sản phẩm,210,Tối ưu content,https://www.hoptrisummit.com/san-pham/thuoc-bao-ve-thuc-vat/thuoc-tru-oc/thuoc-tru-oc,https://www.hoptrisummit.com/quy-trinh-giai-phap/cay-lua/phong-tru-oc-buou-vang-hai-lua,https://www.hoptrisummit.com/san-pham/thuoc-bao-ve-thuc-vat/thuoc-tru-oc/thuoc-tru-oc,Sai,10,10,10,11,10,9,10,4,10,-,14,14,-,-,,,,,,,,,,,,,,,,
Kiến thức sâu bệnh,bệnh hại cây trồng,bệnh hại cây trồng,Yes,,Blog,110,Viết mới,https://www.hoptrisummit.com/tin-tuc/tin-nong-nghiep/benh-hai-cay-trong,https://www.hoptrisummit.com/tin-tuc/tin-nong-nghiep/benh-hai-cay-trong,https://www.hoptrisummit.com/tin-tuc/tin-nong-nghiep/benh-hai-cay-trong,Đúng,11,11,22,22,23,22,22,27,11,18,16,16,16,-,,,,,,,,,,,,,,,,
Bệnh lý – Rau màu,cách trị phấn trắng,bệnh phấn trắng,Yes,,Blog,10,Viết mới,https://www.hoptrisummit.com/quy-trinh-giai-phap/cay-trong-khac/cay-rau-mau/benh-phan-trang,https://www.hoptrisummit.com/quy-trinh-giai-phap/cay-trong-khac/ray-phan-trang-bien-phap-phong-tru,https://www.hoptrisummit.com/quy-trinh-giai-phap/cay-trong-khac/cay-rau-mau/benh-phan-trang,Sai,11,11,14,14,13,10,12,12,11,-,-,-,-,-,,,,,,,,,,,,,,,,
Bệnh lý – Cây công nghiệp,thán thư trên cà phê,bệnh thán thư cà phê,Yes,,Blog,20,Viết mới,https://www.hoptrisummit.com/quy-trinh-giai-phap/cay-trong-khac/cay-ca-phe/benh-than-thu-ca-phe,https://www.hoptrisummit.com/quy-trinh-giai-phap/cay-trong-khac/cay-ca-phe/benh-than-thu-ca-phe,https://www.hoptrisummit.com/quy-trinh-giai-phap/cay-trong-khac/cay-ca-phe/benh-than-thu-ca-phe,Đúng,11,11,12,11,17,20,17,-,11,3,2,2,2,3,,,,,,,,,,,,,,,,
Chuột & động vật hại,thuốc diệt chuột mua ở đâu,mua thuốc diệt chuột ở đâu,Yes,3,Blog,70,Viết mới,,https://www.hoptrisummit.com/san-pham/suc-khoe-cong-dong/diet-chuot/thuoc-diet-chuot-storm-0-005,#N/A,Sai,11,11,13,7,9,7,7,6,11,-,-,-,-,-,,,,,,,,,,,,,,,,
Chuột & động vật hại,mua thuốc diệt chuột sinh học ở đâu,mua thuốc diệt chuột sinh học ở đâu,Yes,,Blog,40,Viết mới,,https://www.hoptrisummit.com/san-pham/suc-khoe-cong-dong/diet-chuot/thuoc-diet-chuot-storm-0-005,#N/A,Sai,11,11,12,8,17,18,13,11,11,-,-,-,-,-,,,,,,,,,,,,,,,,
Thuốc BVTV,thuốc trừ nấm bệnh,thuốc trừ nấm bệnh,Yes,,Sản phẩm,170,Tối ưu content,,https://www.hoptrisummit.com/san-pham/thuoc-bao-ve-thuc-vat/thuoc-tru-benh,#N/A,Sai,11,11,12,12,13,-,11,8,11,5,6,6,10,12,,,,,,,,,,,,,,,,
Ốc bươu vàng,thuốc trị ốc bươu vàng,thuốc trừ ốc,Yes,,Sản phẩm,40,Tối ưu content,https://www.hoptrisummit.com/san-pham/thuoc-bao-ve-thuc-vat/thuoc-tru-oc/thuoc-tru-oc,https://www.hoptrisummit.com/quy-trinh-giai-phap/cay-lua/phong-tru-oc-buou-vang-hai-lua,https://www.hoptrisummit.com/san-pham/thuoc-bao-ve-thuc-vat/thuoc-tru-oc/thuoc-tru-oc,Sai,11,11,11,11,11,12,10,4,11,34,2,2,1,8,,,,,,,,,,,,,,,,
Sâu hại – Lúa,sâu đục thân hại lúa,vòng đời sâu đục thân,Yes,,Blog,260,Viết mới,https://www.hoptrisummit.com/quy-trinh-giai-phap/cay-lua/vong-doi-sau-duc-than,https://www.hoptrisummit.com/quy-trinh-giai-phap/cay-lua/vong-doi-sau-duc-than,Indexed,Đúng,11,11,-,-,9,-,-,-,11,5,5,5,5,5,,,,,,,,,,,,,,,,
Bệnh lý – Sầu riêng,bệnh đốm mắt cua,bệnh đốm mắt cua,Yes,6,Blog,50,Viết mới,,https://www.hoptrisummit.com/quy-trinh-giai-phap/cay-sau-rieng/dom-mat-cua-sau-rieng,#N/A,Sai,12,12,13,18,-,14,24,22,12,2,2,2,2,2,,,,,,,,,,,,,,,,
Bệnh lý – Rau màu,bệnh phấn trắng,bệnh phấn trắng,Yes,,Blog,480,Viết mới,https://www.hoptrisummit.com/quy-trinh-giai-phap/cay-trong-khac/cay-rau-mau/benh-phan-trang,https://www.hoptrisummit.com/tin-tuc/tin-nong-nghiep/benh-phan-trang,https://www.hoptrisummit.com/quy-trinh-giai-phap/cay-trong-khac/cay-rau-mau/benh-phan-trang,Sai,12,12,12,20,19,36,20,55,12,-,-,-,-,-,,,,,,,,,,,,,,,,
Sâu hại – Tổng hợp,thuốc trừ sâu sinh học top 1,thuốc trừ sâu mạnh nhất,Yes,,Blog,110,Viết mới,,https://www.hoptrisummit.com/san-pham/thuoc-bao-ve-thuc-vat/thuoc-tru-sau,#N/A,Sai,12,12,12,12,14,13,14,16,12,20,36,36,-,-,,,,,,,,,,,,,,,,
Bệnh lý – Sầu riêng,bệnh chết nhanh trên cây sầu riêng,bệnh chết nhanh trên cây sầu riêng,Yes,,Blog,20,Viết mới,,https://www.hoptrisummit.com/quy-trinh-giai-phap/cay-sau-rieng/phong-tru-benh-hai-do-nam-phytophthora-tren-cay-sau-rieng,#N/A,Sai,13,13,14,12,12,12,12,13,13,-,-,-,-,-,,,,,,,,,,,,,,,,
Bệnh lý – Rau màu,thuốc trị phấn trắng,bệnh phấn trắng,Yes,,Blog,90,Viết mới,https://www.hoptrisummit.com/quy-trinh-giai-phap/cay-trong-khac/cay-rau-mau/benh-phan-trang,https://www.hoptrisummit.com/tin-tuc/tin-nong-nghiep/benh-phan-trang,https://www.hoptrisummit.com/quy-trinh-giai-phap/cay-trong-khac/cay-rau-mau/benh-phan-trang,Sai,13,13,15,12,16,14,17,14,13,-,-,-,-,-,,,,,,,,,,,,,,,,
Chuột & động vật hại,thuốc diệt chuột hiệu quả nhất,các loại thuốc diệt chuột,Yes,8,Blog,260,Viết mới,https://www.hoptrisummit.com/tin-tuc/tin-nong-nghiep/cac-loai-thuoc-diet-chuot,https://www.hoptrisummit.com/san-pham/suc-khoe-cong-dong/diet-chuot/thuoc-diet-chuot-storm-0-005,https://www.hoptrisummit.com/tin-tuc/tin-nong-nghiep/cac-loai-thuoc-diet-chuot,Sai,13,13,-,24,10,22,22,19,13,1,8,8,7,7,,,,,,,,,,,,,,,,
Kỹ thuật canh tác – Lúa,kỹ thuật chăm sóc lúa,kỹ thuật chăm sóc lúa gieo sạ,Yes,,Blog,30,Viết mới,https://www.hoptrisummit.com/quy-trinh-giai-phap/cay-lua/ky-thuat-cham-soc-lua-gieo-sa,http://www.hoptrisummit.com/quy-trinh-giai-phap/cay-lua/ky-thuat-cham-soc-lua-gieo-sa,https://www.hoptrisummit.com/quy-trinh-giai-phap/cay-lua/ky-thuat-cham-soc-lua-gieo-sa,Sai,13,13,-,11,12,-,-,14,13,1,2,2,1,2,,,,,,,,,,,,,,,,
Chuột & động vật hại,diệt chuột sinh học,thuốc chuột dạng viên,Yes,,Sản phẩm,50,Tối ưu content,https://www.hoptrisummit.com/san-pham/suc-khoe-cong-dong/diet-chuot/thuoc-diet-chuot-storm-0-005,https://www.hoptrisummit.com/san-pham/suc-khoe-cong-dong/diet-chuot/thuoc-diet-chuot-storm-0-005,https://www.hoptrisummit.com/san-pham/suc-khoe-cong-dong/diet-chuot/thuoc-diet-chuot-storm-0-005,Đúng,13,13,17,17,19,18,15,18,13,-,-,-,-,-,,,,,,,,,,,,,,,,
Chuột & động vật hại,thuốc diệt chuột sinh học,thuốc chuột dạng viên,No,,Sản phẩm,720,Tối ưu content,https://www.hoptrisummit.com/san-pham/suc-khoe-cong-dong/diet-chuot/thuoc-diet-chuot-storm-0-005,https://www.hoptrisummit.com/san-pham/suc-khoe-cong-dong/diet-chuot/thuoc-diet-chuot-storm-0-005,https://www.hoptrisummit.com/san-pham/suc-khoe-cong-dong/diet-chuot/thuoc-diet-chuot-storm-0-005,Đúng,13,13,13,11,14,12,14,15,13,1,1,1,1,1,,,,,,,,,,,,,,,,
Chuột & động vật hại,thuốc đuổi chuột hiệu quả,thuốc đuổi chuột,Yes,,Blog,110,Viết mới,,https://www.hoptrisummit.com/quy-trinh-giai-phap/cay-co-mui/diet-chuot-gay-hai-vuon-cay-co-mui-bang-storm-0-005-bb,#N/A,Sai,13,13,-,-,16,11,21,16,13,2,3,3,3,2,,,,,,,,,,,,,,,,
Bệnh lý – Rau màu,thuốc trị sương mai,thuốc trị bệnh sương mai,Yes,,Sản phẩm,50,Tối ưu content,https://www.hoptrisummit.com/san-pham/thuoc-bao-ve-thuc-vat/thuoc-tru-benh/phytocide-50wp,https://www.hoptrisummit.com/quy-trinh-giai-phap/cay-trong-khac/cay-rau-mau/bien-phap-phong-tru-benh-gia-suong-mai-tren-cay-dua-leo,https://www.hoptrisummit.com/san-pham/thuoc-bao-ve-thuc-vat/thuoc-tru-benh/phytocide-50wp,Sai,13,13,14,12,18,14,23,14,13,-,-,-,-,-,,,,,,,,,,,,,,,,
Bệnh lý – Tổng hợp,thán thư,bệnh thán thư là gì,No,,Blog,590,Viết mới,https://www.hoptrisummit.com/quy-trinh-giai-phap/cay-trong-khac/benh-than-thu-la-gi,https://www.hoptrisummit.com/tin-tuc/tin-nong-nghiep/benh-than-thu-la-gi,#N/A,Sai,14,14,15,14,13,14,18,25,14,-,-,-,-,-,,,,,,,,,,,,,,,,
Đất & môi trường,cải tạo đất,cải tạo đất,Yes,,Blog,480,Viết mới,https://www.hoptrisummit.com/tin-tuc/tin-nong-nghiep/cai-tao-dat,https://www.hoptrisummit.com/tin-tuc/tin-nong-nghiep/cai-tao-dat,https://www.hoptrisummit.com/tin-tuc/tin-nong-nghiep/cai-tao-dat,Đúng,14,14,28,-,28,25,27,-,14,18,16,16,-,37,,,,,,,,,,,,,,,,
Kỹ thuật canh tác – Lúa,chăm sóc lúa,kỹ thuật chăm sóc lúa gieo sạ,Yes,,Blog,50,Viết mới,https://www.hoptrisummit.com/quy-trinh-giai-phap/cay-lua/ky-thuat-cham-soc-lua-gieo-sa,https://www.hoptrisummit.com/quy-trinh-giai-phap/cay-lua/cham-soc-cay-lua,https://www.hoptrisummit.com/quy-trinh-giai-phap/cay-lua/ky-thuat-cham-soc-lua-gieo-sa,Sai,14,14,-,-,-,-,-,-,14,1,3,3,1,3,,,,,,,,,,,,,,,,
Bệnh lý – Lúa,lép vàng,lép vàng,Yes,,Blog,50,Viết mới,,https://www.hoptrisummit.com/quy-trinh-giai-phap/cay-lua/bien-phap-phong-tru-benh-lem-lep-hat-lua,#N/A,Sai,14,14,15,14,15,17,13,27,14,13,11,11,9,8,,,,,,,,,,,,,,,,
Bệnh lý – Lúa,thuốc đạo ôn lúa,thuốc đặc trị đạo ôn,Yes,,Sản phẩm,30,Tối ưu content,https://www.hoptrisummit.com/san-pham/thuoc-bao-ve-thuc-vat/thuoc-tru-benh/taiyou-20sc,https://www.hoptrisummit.com/quy-trinh-giai-phap/cay-lua/benh-dao-on-la-lua-va-cach-phong-tru,https://www.hoptrisummit.com/san-pham/thuoc-bao-ve-thuc-vat/thuoc-tru-benh/taiyou-20sc,Sai,14,14,14,12,15,5,3,4,14,-,4,4,5,4,,,,,,,,,,,,,,,,
Bệnh lý – Sầu riêng,nứt thân,xì mủ,No,,Blog,30,Viết mới,https://hoptrisummit.com/quy-trinh-giai-phap/cay-co-mui/xi-mu,https://hoptrisummit.com/quy-trinh-giai-phap/cay-co-mui/xi-mu,https://hoptrisummit.com/quy-trinh-giai-phap/cay-co-mui/xi-mu,Đúng,14,14,15,14,18,18,20,-,14,-,-,-,-,-,,,,,,,,,,,,,,,,
Chuột & động vật hại,thuốc đuổi chuột sinh học,thuốc chuột dạng viên,Yes,,Sản phẩm,40,Tối ưu content,https://www.hoptrisummit.com/san-pham/suc-khoe-cong-dong/diet-chuot/thuoc-diet-chuot-storm-0-005,https://www.hoptrisummit.com/san-pham/suc-khoe-cong-dong/diet-chuot/thuoc-diet-chuot-storm-0-005,https://www.hoptrisummit.com/san-pham/suc-khoe-cong-dong/diet-chuot/thuoc-diet-chuot-storm-0-005,Đúng,15,15,13,12,12,12,-,9,15,1,2,2,1,2,,,,,,,,,,,,,,,,
Bệnh lý – Lúa,thuốc trị bệnh đạo ôn trên lúa,thuốc đặc trị đạo ôn,Yes,,Sản phẩm,70,Tối ưu content,https://www.hoptrisummit.com/san-pham/thuoc-bao-ve-thuc-vat/thuoc-tru-benh/taiyou-20sc,https://www.hoptrisummit.com/quy-trinh-giai-phap/cay-lua/benh-dao-on-la-lua-va-cach-phong-tru,https://www.hoptrisummit.com/san-pham/thuoc-bao-ve-thuc-vat/thuoc-tru-benh/taiyou-20sc,Sai,15,15,15,15,10,13,14,15,15,-,4,4,4,6,,,,,,,,,,,,,,,,
Bệnh lý – Lúa,thuốc trị đạo ôn lúa,thuốc đặc trị đạo ôn,Yes,,Sản phẩm,90,Tối ưu content,https://www.hoptrisummit.com/san-pham/thuoc-bao-ve-thuc-vat/thuoc-tru-benh/taiyou-20sc,https://www.hoptrisummit.com/quy-trinh-giai-phap/cay-lua/benh-dao-on-la-lua-va-cach-phong-tru,https://www.hoptrisummit.com/san-pham/thuoc-bao-ve-thuc-vat/thuoc-tru-benh/taiyou-20sc,Sai,15,15,13,14,15,18,12,17,15,41,-,-,-,-,,,,,,,,,,,,,,,,
Ốc bươu vàng,thuốc trừ ốc,thuốc trừ ốc,No,,Sản phẩm,110,Tối ưu content,https://www.hoptrisummit.com/san-pham/thuoc-bao-ve-thuc-vat/thuoc-tru-oc/pisana-700wp,https://www.hoptrisummit.com/san-pham/thuoc-bao-ve-thuc-vat/thuoc-tru-oc,https://www.hoptrisummit.com/san-pham/thuoc-bao-ve-thuc-vat/thuoc-tru-oc/pisana-700wp,Sai,15,15,16,16,17,6,19,18,15,2,24,24,23,13,,,,,,,,,,,,,,,,
Bệnh lý – Cà phê,cách trị rỉ sắt trên cây cà phê,cách trị rỉ sắt trên cây cà phê,Yes,,Blog,70,Viết mới,https://www.hoptrisummit.com/quy-trinh-giai-phap/cay-trong-khac/cay-ca-phe/benh-ri-sat-ca-phe,https://www.hoptrisummit.com/quy-trinh-giai-phap/cay-trong-khac/cay-ca-phe/benh-ri-sat-ca-phe,https://www.hoptrisummit.com/quy-trinh-giai-phap/cay-trong-khac/cay-ca-phe/benh-ri-sat-ca-phe,Đúng,16,16,13,12,14,13,11,18,16,-,27,27,-,-,,,,,,,,,,,,,,,,
Bệnh lý – Cà phê,bệnh rỉ sắt trên cây cà phê,cách trị rỉ sắt trên cây cà phê,Yes,,Blog,40,Viết mới,,https://www.hoptrisummit.com/quy-trinh-giai-phap/cay-trong-khac/cay-ca-phe/benh-ri-sat-ca-phe,#N/A,Sai,16,16,14,13,16,18,19,22,16,-,-,-,-,-,,,,,,,,,,,,,,,,
Chuột & động vật hại,flocoumafen là gì,flocoumafen là gì,Yes,,Blog,20,Viết mới,,https://www.hoptrisummit.com/san-pham/suc-khoe-cong-dong/diet-chuot/thuoc-diet-chuot-storm-0-005,#N/A,Sai,16,16,12,12,11,13,10,15,16,-,-,-,-,-,,,,,,,,,,,,,,,,
Chuột & động vật hại,mua thuốc diệt chuột ở đâu tphcm,mua thuốc diệt chuột ở đâu,Yes,,Blog,90,Viết mới,,https://www.hoptrisummit.com/san-pham/suc-khoe-cong-dong/diet-chuot/thuoc-diet-chuot-storm-0-005,#N/A,Sai,16,16,15,14,15,-,9,15,16,-,-,-,-,-,,,,,,,,,,,,,,,,
Bệnh lý – Tổng hợp,nấm hồng,nấm hồng,Yes,,Blog,390,Viết mới,https://www.hoptrisummit.com/tin-tuc/tin-nong-nghiep/nam-hong,https://www.hoptrisummit.com/tin-tuc/tin-nong-nghiep/nam-hong,https://www.hoptrisummit.com/tin-tuc/tin-nong-nghiep/nam-hong,Đúng,16,16,21,20,43,46,48,39,16,10,6,6,7,6,,,,,,,,,,,,,,,,
Bệnh lý – Tổng hợp,bệnh rỉ sắt cà phê,rỉ sắt cà phê,Yes,,Blog,30,Viết mới,https://www.hoptrisummit.com/quy-trinh-giai-phap/cay-trong-khac/cay-ca-phe/benh-ri-sat-ca-phe,https://www.hoptrisummit.com/quy-trinh-giai-phap/cay-trong-khac/cay-ca-phe/benh-ri-sat-ca-phe,https://www.hoptrisummit.com/quy-trinh-giai-phap/cay-trong-khac/cay-ca-phe/benh-ri-sat-ca-phe,Đúng,16,16,14,10,13,17,18,22,16,2,3,3,3,3,,,,,,,,,,,,,,,,
Kỹ thuật canh tác – Lúa,chăm sóc lúa giai đoạn trổ bông,kỹ thuật chăm sóc lúa gieo sạ,Yes,,Blog,90,Viết mới,https://www.hoptrisummit.com/quy-trinh-giai-phap/cay-lua/ky-thuat-cham-soc-lua-gieo-sa,https://www.hoptrisummit.com/quy-trinh-giai-phap/cay-lua/cham-soc-cay-lua,https://www.hoptrisummit.com/quy-trinh-giai-phap/cay-lua/ky-thuat-cham-soc-lua-gieo-sa,Sai,17,17,18,-,-,-,19,-,17,-,-,-,-,-,,,,,,,,,,,,,,,,
Bệnh lý – Lúa,thuốc đặc trị đạo ôn,thuốc đặc trị đạo ôn,Yes,,Sản phẩm,70,Tối ưu content,https://www.hoptrisummit.com/san-pham/thuoc-bao-ve-thuc-vat/thuoc-tru-benh/taiyou-20sc,https://www.hoptrisummit.com/quy-trinh-giai-phap/cay-lua/benh-dao-on-la-lua-va-cach-phong-tru,https://www.hoptrisummit.com/san-pham/thuoc-bao-ve-thuc-vat/thuoc-tru-benh/taiyou-20sc,Sai,17,17,17,10,15,12,11,12,17,40,12,12,16,14,,,,,,,,,,,,,,,,
Bệnh lý – Lúa,vàng lùn xoắn lá lúa,bệnh vàng lùn trên lúa,Yes,,Blog,30,Viết mới,https://www.hoptrisummit.com/quy-trinh-giai-phap/cay-lua/benh-lun-xoan-la,https://www.hoptrisummit.com/quy-trinh-giai-phap/cay-lua/benh-lun-xoan-la,https://www.hoptrisummit.com/quy-trinh-giai-phap/cay-lua/benh-lun-xoan-la,Đúng,18,18,-,25,26,30,26,21,18,1,41,41,3,4,,,,,,,,,,,,,,,,
Chuột & động vật hại,thuốc diệt chuột trong nhà,các loại thuốc diệt chuột,Yes,,Blog,210,Viết mới,https://www.hoptrisummit.com/tin-tuc/tin-nong-nghiep/cac-loai-thuoc-diet-chuot,https://www.hoptrisummit.com/san-pham/suc-khoe-cong-dong/diet-chuot/thuoc-diet-chuot-storm-0-005,https://www.hoptrisummit.com/tin-tuc/tin-nong-nghiep/cac-loai-thuoc-diet-chuot,Sai,18,18,16,-,17,17,18,20,18,5,5,5,-,36,,,,,,,,,,,,,,,,
Bệnh lý – Tổng hợp,rỉ sắt cà phê,rỉ sắt cà phê,Yes,,Blog,170,Viết mới,https://www.hoptrisummit.com/quy-trinh-giai-phap/cay-trong-khac/cay-ca-phe/benh-ri-sat-ca-phe,https://www.hoptrisummit.com/quy-trinh-giai-phap/cay-trong-khac/cay-ca-phe/benh-ri-sat-ca-phe,https://www.hoptrisummit.com/quy-trinh-giai-phap/cay-trong-khac/cay-ca-phe/benh-ri-sat-ca-phe,Đúng,18,18,17,17,18,19,19,23,18,-,39,39,-,-,,,,,,,,,,,,,,,,
Chuột & động vật hại,thuốc bả chuột,thuốc chuột dạng viên,Yes,4,Sản phẩm,110,Tối ưu content,https://www.hoptrisummit.com/san-pham/suc-khoe-cong-dong/diet-chuot/thuoc-diet-chuot-storm-0-005,https://www.hoptrisummit.com/san-pham/suc-khoe-cong-dong/diet-chuot/thuoc-diet-chuot-storm-0-005,https://www.hoptrisummit.com/san-pham/suc-khoe-cong-dong/diet-chuot/thuoc-diet-chuot-storm-0-005,Đúng,18,18,8,11,13,8,12,8,18,48,-,-,-,-,,,,,,,,,,,,,,,,
Bệnh lý – Lúa,thuốc trừ bệnh đạo ôn lúa,thuốc đặc trị đạo ôn,Yes,,Sản phẩm,40,Tối ưu content,https://www.hoptrisummit.com/san-pham/thuoc-bao-ve-thuc-vat/thuoc-tru-benh/taiyou-20sc,https://www.hoptrisummit.com/quy-trinh-giai-phap/cay-lua/benh-dao-on-la-lua-va-cach-phong-tru,https://www.hoptrisummit.com/san-pham/thuoc-bao-ve-thuc-vat/thuoc-tru-benh/taiyou-20sc,Sai,18,18,16,16,16,17,47,24,18,-,-,-,ND,-,,,,,,,,,,,,,,,,
Bệnh lý – Rau màu,thuốc trị phấn trắng trên dưa,thuốc trị phấn trắng trên dưa,Yes,,Blog,10,Viết mới,,https://www.hoptrisummit.com/quy-trinh-giai-phap/cay-trong-khac/ray-phan-trang-bien-phap-phong-tru,#N/A,Sai,18,18,21,25,19,27,25,25,18,24,13,13,26,-,,,,,,,,,,,,,,,,
Kỹ thuật canh tác – Lúa,chăm sóc lúa giai đoạn đẻ nhánh,kỹ thuật chăm sóc lúa gieo sạ,Yes,,Blog,90,Viết mới,https://www.hoptrisummit.com/quy-trinh-giai-phap/cay-lua/ky-thuat-cham-soc-lua-gieo-sa,https://www.hoptrisummit.com/quy-trinh-giai-phap/cay-lua/cham-soc-cay-lua,https://www.hoptrisummit.com/quy-trinh-giai-phap/cay-lua/ky-thuat-cham-soc-lua-gieo-sa,Sai,19,19,18,18,21,21,20,23,19,36,20,20,46,46,,,,,,,,,,,,,,,,
Phân bón lá,phân bón qua lá,phân bón lá là gì,Yes,,Blog,30,Viết mới,,https://www.hoptrisummit.com/tin-tuc/tin-nong-nghiep/cac-loai-phan-bon-la,#N/A,Sai,19,19,-,-,-,-,-,-,19,29,45,45,-,-,,,,,,,,,,,,,,,,
Sâu hại – Tổng hợp,thuốc trừ nhện đỏ sinh học,thuốc diệt nhện,Yes,,Sản phẩm,50,Tối ưu content,https://www.hoptrisummit.com/san-pham/thuoc-bao-ve-thuc-vat/thuoc-tru-sau/nilmite-550sc,https://www.hoptrisummit.com/san-pham/thuoc-bao-ve-thuc-vat/thuoc-tru-sau/nilmite-550sc,https://www.hoptrisummit.com/san-pham/thuoc-bao-ve-thuc-vat/thuoc-tru-sau/nilmite-550sc,Đúng,19,19,24,19,21,-,-,-,19,-,-,-,-,-,,,,,,,,,,,,,,,,
Chuột & động vật hại,thuốc đuổi chuột,thuốc đuổi chuột,Yes,,Blog,1900,Viết mới,,https://www.hoptrisummit.com/san-pham/suc-khoe-cong-dong/diet-chuot/thuoc-diet-chuot-storm-0-005,#N/A,Sai,19,19,15,9,8,23,19,35,19,1,2,2,2,2,,,,,,,,,,,,,,,,
Chuột & động vật hại,các loại thuốc diệt chuột,các loại thuốc diệt chuột,Yes,6,Blog,90,Viết mới,https://www.hoptrisummit.com/tin-tuc/tin-nong-nghiep/cac-loai-thuoc-diet-chuot,https://www.hoptrisummit.com/san-pham/suc-khoe-cong-dong/diet-chuot/thuoc-diet-chuot-storm-0-005,https://www.hoptrisummit.com/tin-tuc/tin-nong-nghiep/cac-loai-thuoc-diet-chuot,Sai,20,20,12,20,7,8,11,21,20,2,2,2,2,4,,,,,,,,,,,,,,,,
Bệnh lý – Tổng hợp,thuốc trị bệnh rỉ sắt trên cây cà phê,thuốc đặc trị rỉ sắt,Yes,,Sản phẩm,90,Tối ưu content,https://www.hoptrisummit.com/san-pham/thuoc-bao-ve-thuc-vat/thuoc-tru-benh/norshield-86-2wg,https://www.hoptrisummit.com/quy-trinh-giai-phap/cay-trong-khac/cay-ca-phe/benh-ri-sat-ca-phe,https://www.hoptrisummit.com/san-pham/thuoc-bao-ve-thuc-vat/thuoc-tru-benh/norshield-86-2wg,Sai,20,20,17,-,20,19,-,23,20,-,-,-,-,-,,,,,,,,,,,,,,,,
Chuột & động vật hại,thuốc diệt chuột hiệu quả,các loại thuốc diệt chuột,Yes,,Blog,40,Viết mới,https://www.hoptrisummit.com/tin-tuc/tin-nong-nghiep/cac-loai-thuoc-diet-chuot,https://www.hoptrisummit.com/san-pham/suc-khoe-cong-dong/diet-chuot/thuoc-diet-chuot-storm-0-005,https://www.hoptrisummit.com/tin-tuc/tin-nong-nghiep/cac-loai-thuoc-diet-chuot,Sai,21,21,22,19,23,19,6,18,21,2,2,2,2,4,,,,,,,,,,,,,,,,
Chuột & động vật hại,mua thuốc diệt chuột ở đâu,mua thuốc diệt chuột ở đâu,Yes,3,Blog,210,Viết mới,,https://www.hoptrisummit.com/san-pham/suc-khoe-cong-dong/diet-chuot/thuoc-diet-chuot-storm-0-005,#N/A,Sai,21,21,13,15,21,12,10,10,21,-,-,-,-,-,,,,,,,,,,,,,,,,
Thuốc BVTV,thuốc trị nấm cây trồng,thuốc trừ nấm bệnh,Yes,,Sản phẩm,110,Tối ưu content,,https://www.hoptrisummit.com/san-pham/thuoc-bao-ve-thuc-vat/thuoc-tru-benh,#N/A,Sai,21,21,22,44,22,21,23,-,21,5,6,6,7,6,,,,,,,,,,,,,,,,
Sâu hại – Tổng hợp,thành phần thuốc trừ sâu,thuốc trừ sâu là gì,Yes,,Blog,40,Viết mới,,https://www.hoptrisummit.com/san-pham/thuoc-bao-ve-thuc-vat/thuoc-tru-sau,#N/A,Sai,21,21,14,15,16,17,19,28,21,-,17,17,18,-,,,,,,,,,,,,,,,,
Sâu hại – Cây trồng cạn,biện pháp phòng trừ sâu đục thân ngô,biện pháp phòng trừ sâu đục thân ngô,Yes,,Blog,20,Viết mới,,https://www.hoptrisummit.com/quy-trinh-giai-phap/cay-lua/cach-cuu-cay-bi-sau-duc-than,#N/A,Sai,23,23,29,-,-,-,-,-,23,34,-,-,-,-,,,,,,,,,,,,,,,,
Chuột & động vật hại,thuốc diệt chuột tốt nhất,các loại thuốc diệt chuột,Yes,8,Blog,70,Viết mới,https://www.hoptrisummit.com/tin-tuc/tin-nong-nghiep/cac-loai-thuoc-diet-chuot,https://www.hoptrisummit.com/san-pham/suc-khoe-cong-dong/diet-chuot/thuoc-diet-chuot-storm-0-005,https://www.hoptrisummit.com/tin-tuc/tin-nong-nghiep/cac-loai-thuoc-diet-chuot,Sai,23,23,19,14,12,27,12,25,23,2,2,2,3,3,,,,,,,,,,,,,,,,
Bệnh lý – Tổng hợp,thuốc trị rỉ sắt cà phê,thuốc đặc trị rỉ sắt,Yes,,Sản phẩm,30,Tối ưu content,https://www.hoptrisummit.com/san-pham/thuoc-bao-ve-thuc-vat/thuoc-tru-benh/norshield-86-2wg,https://www.hoptrisummit.com/quy-trinh-giai-phap/cay-trong-khac/cay-ca-phe/benh-ri-sat-ca-phe,https://www.hoptrisummit.com/san-pham/thuoc-bao-ve-thuc-vat/thuoc-tru-benh/norshield-86-2wg,Sai,23,23,14,-,-,-,-,-,23,1,2,2,2,2,,,,,,,,,,,,,,,,
Bệnh lý – Sầu riêng,phytop,phytophthora sầu riêng,Yes,,Blog,20,Tối ưu technical,https://www.hoptrisummit.com/quy-trinh-giai-phap/cay-sau-rieng/phong-tru-benh-hai-do-nam-phytophthora-tren-cay-sau-rieng,https://www.hoptrisummit.com/quy-trinh-giai-phap/cay-sau-rieng/phong-tru-benh-hai-do-nam-phytophthora-tren-cay-sau-rieng,#N/A,Đúng,24,24,19,25,25,20,16,19,24,1,1,1,1,1,,,,,,,,,,,,,,,,
Bệnh lý – Tổng hợp,cà phê bị rỉ sắt,rỉ sắt cà phê,Yes,,Blog,40,Viết mới,https://www.hoptrisummit.com/quy-trinh-giai-phap/cay-trong-khac/cay-ca-phe/benh-ri-sat-ca-phe,https://www.hoptrisummit.com/quy-trinh-giai-phap/cay-trong-khac/cay-ca-phe/benh-ri-sat-ca-phe,https://www.hoptrisummit.com/quy-trinh-giai-phap/cay-trong-khac/cay-ca-phe/benh-ri-sat-ca-phe,Đúng,24,24,19,18,16,18,18,25,24,-,8,8,5,7,,,,,,,,,,,,,,,,
Kinh doanh BVTV,sản xuất thuốc bảo vệ thực vật,sản xuất thuốc bảo vệ thực vật,Yes,,Blog,40,Viết mới,,https://www.hoptrisummit.com/san-pham/thuoc-bao-ve-thuc-vat,#N/A,Sai,24,24,22,21,26,22,26,28,24,31,18,18,-,49,,,,,,,,,,,,,,,,
Chuột & động vật hại,mua thuốc diệt chuột,thuốc diệt chuột,Yes,,DMSP,70,Tối ưu technical,https://www.hoptrisummit.com/san-pham/suc-khoe-cong-dong/diet-chuot,https://www.hoptrisummit.com/san-pham/suc-khoe-cong-dong/diet-chuot/thuoc-diet-chuot-storm-0-005,https://www.hoptrisummit.com/san-pham/suc-khoe-cong-dong/diet-chuot,Sai,27,27,26,26,24,24,23,24,27,-,38,38,-,-,,,,,,,,,,,,,,,,
Bệnh lý – Lúa,thuốc trị đạo ôn,thuốc đặc trị đạo ôn,Yes,,Sản phẩm,170,Tối ưu content,https://www.hoptrisummit.com/san-pham/thuoc-bao-ve-thuc-vat/thuoc-tru-benh/taiyou-20sc,https://www.hoptrisummit.com/quy-trinh-giai-phap/cay-lua/benh-dao-on-la-lua-va-cach-phong-tru,https://www.hoptrisummit.com/san-pham/thuoc-bao-ve-thuc-vat/thuoc-tru-benh/taiyou-20sc,Sai,27,27,25,24,24,26,-,28,27,11,8,8,7,9,,,,,,,,,,,,,,,,
Bệnh lý – Sầu riêng,lá sầu riêng bị đốm vàng,sầu riêng bị vàng lá,Yes,,Blog,90,Viết mới,,https://www.hoptrisummit.com/quy-trinh-giai-phap/cay-sau-rieng/phong-tru-benh-vang-la-thoi-re-tren-cay-sau-rieng,#N/A,Sai,28,28,11,-,19,33,-,20,28,-,25,25,12,-,,,,,,,,,,,,,,,,
Thuốc BVTV,thuốc trị nấm bệnh cây trồng,thuốc trừ nấm bệnh,Yes,,Sản phẩm,50,Tối ưu content,,https://www.hoptrisummit.com/san-pham/thuoc-bao-ve-thuc-vat/thuoc-tru-benh,#N/A,Sai,28,28,30,51,58,-,45,27,28,9,24,24,-,-,,,,,,,,,,,,,,,,
Bệnh lý – Sầu riêng,xì mủ,xì mủ,No,,Blog,50,Viết mới,https://hoptrisummit.com/quy-trinh-giai-phap/cay-co-mui/xi-mu,https://hoptrisummit.com/quy-trinh-giai-phap/cay-co-mui/xi-mu,https://hoptrisummit.com/quy-trinh-giai-phap/cay-co-mui/xi-mu,Đúng,28,28,-,25,24,31,25,-,28,-,-,-,-,-,,,,,,,,,,,,,,,,
Bệnh lý – Rau màu,thuốc trị phấn trắng cho dâu tây,thuốc trị phấn trắng cho dâu tây,Yes,,Blog,10,Viết mới,,https://www.hoptrisummit.com/quy-trinh-giai-phap/cay-trong-khac/ray-phan-trang-bien-phap-phong-tru,#N/A,Sai,32,32,29,29,30,28,27,28,32,16,14,14,13,-,,,,,,,,,,,,,,,,
Bệnh lý – Rau màu,bệnh sương mai trên bắp cải,bệnh sương mai trên bắp cải,Yes,,Blog,10,Viết mới,,https://www.hoptrisummit.com/tin-tuc/tin-nong-nghiep/benh-gia-suong-mai,#N/A,Sai,33,33,28,26,30,35,39,30,33,10,7,7,4,5,,,,,,,,,,,,,,,,
Bệnh lý – Sầu riêng,thối trái sầu riêng,thối trái sầu riêng,Yes,,Blog,260,Viết mới,,https://www.hoptrisummit.com/quy-trinh-giai-phap/cay-sau-rieng/phong-tru-benh-vang-la-thoi-re-tren-cay-sau-rieng,#N/A,Sai,33,33,-,-,28,-,-,-,33,1,4,4,ND,5,,,,,,,,,,,,,,,,
Kỹ thuật canh tác – Lúa,chăm sóc lúa sau cấy,chăm sóc lúa sau cấy,Yes,,Blog,20,Viết mới,,http://www.hoptrisummit.com/quy-trinh-giai-phap/cay-lua/ky-thuat-cham-soc-lua-gieo-sa,#N/A,Sai,36,36,28,11,11,14,13,15,36,7,11,11,-,8,,,,,,,,,,,,,,,,
Sâu hại – Tổng hợp,thuốc trừ sâu hữu cơ,thuốc trừ sâu sinh học là gì,Yes,,Blog,90,Viết mới,https://www.hoptrisummit.com/tin-tuc/tin-nong-nghiep/thuoc-tru-sau-sinh-hoc-la-gi,https://www.hoptrisummit.com/san-pham/thuoc-bao-ve-thuc-vat/thuoc-tru-sau,https://www.hoptrisummit.com/tin-tuc/tin-nong-nghiep/thuoc-tru-sau-sinh-hoc-la-gi,Sai,39,39,36,36,38,35,45,39,39,47,-,-,-,-,,,,,,,,,,,,,,,,
Bệnh lý – Rau màu,thuốc trị bệnh héo xanh trên cây ớt,thuốc trị bệnh héo xanh trên cây ớt,Yes,6,Blog,40,Viết mới,,https://www.hoptrisummit.com/quy-trinh-giai-phap/cay-trong-khac/cay-ot/benh-than-thu-tren-ot-va-cach-phong-tru,#N/A,Sai,40,40,9,9,9,10,10,13,40,1,2,2,2,-,,,,,,,,,,,,,,,,
Thuốc BVTV,thuốc bảo vệ thực vật sinh học,các loại thuốc bảo vệ thực vật sinh học,Yes,,Blog,140,Viết mới,,https://www.hoptrisummit.com/san-pham/thuoc-bao-ve-thuc-vat,#N/A,Sai,48,48,41,41,40,37,39,37,48,5,6,6,5,7,,,,,,,,,,,,,,,,
Sâu hại – Tổng hợp,sử dụng thuốc trừ sâu,phun thuốc trừ sâu đúng cách,Yes,,Blog,90,Viết mới,https://www.hoptrisummit.com/tin-tuc/tin-nong-nghiep/phun-thuoc-tru-sau-dung-cach,https://www.hoptrisummit.com/quy-trinh-giai-phap/cay-sau-rieng/ky-thuat-cham-soc-va-phong-tru-sau-benh-hai-sau-rieng,https://www.hoptrisummit.com/tin-tuc/tin-nong-nghiep/phun-thuoc-tru-sau-dung-cach,Sai,74,74,22,-,32,44,42,44,74,19,-,-,-,-,,,,,,,,,,,,,,,,
Bệnh lý – Rau màu,bệnh đốm đen,bệnh đốm đen,Yes,,Blog,90,Viết mới,,,#N/A,Đúng,-,-,-,-,-,-,-,-,-,5,20,20,-,30,,,,,,,,,,,,,,,,
Bệnh lý – Rau màu,bệnh đốm phấn,bệnh đốm phấn,Yes,,Blog,30,Viết mới,https://www.hoptrisummit.com/tin-tuc/tin-nong-nghiep/benh-gia-suong-mai,https://www.hoptrisummit.com/quy-trinh-giai-phap/cay-thanh-long/benh-dom-trang-thanh-long-va-quy-trinh-quan-ly-hop-tri,#N/A,Sai,-,-,11,-,-,8,55,55,-,-,14,14,7,9,,,,,,,,,,,,,,,,
Bệnh lý – Lúa,bệnh đốm vi khuẩn,bệnh đốm vi khuẩn,Yes,,Blog,30,Viết mới,,,#N/A,Đúng,-,-,-,-,-,-,-,-,-,52,-,-,-,-,,,,,,,,,,,,,,,,
Bệnh lý – Rau màu,bệnh nấm đen,bệnh nấm đen,No,,Blog,90,Viết mới,,,#N/A,Đúng,-,-,-,-,-,-,-,-,-,5,4,4,3,6,,,,,,,,,,,,,,,,
Bệnh lý – Rau màu,phun thuốc sương cho vườn cà chua mới ra quả,bệnh sương mai cà chua,Yes,3,Blog,10,Viết mới,https://www.hoptrisummit.com/quy-trinh-giai-phap/cay-trong-khac/cay-ca-chua/benh-suong-mai-tren-cay-ca-chua,https://www.hoptrisummit.com/quy-trinh-giai-phap/cay-trong-khac/cay-ca-chua/phong-tru-benh-hai-cay-ca-chua,Indexed,Sai,-,-,12,-,18,12,-,9,-,-,-,-,-,-,,,,,,,,,,,,,,,,
Bệnh lý – Lúa,bệnh vàng lùn trên lúa,bệnh vàng lùn trên lúa,Yes,,Blog,70,Viết mới,https://www.hoptrisummit.com/quy-trinh-giai-phap/cay-lua/benh-lun-xoan-la,https://www.hoptrisummit.com/quy-trinh-giai-phap/cay-lua/benh-lun-xoan-la,https://www.hoptrisummit.com/quy-trinh-giai-phap/cay-lua/benh-lun-xoan-la,Đúng,-,-,-,52,50,52,53,-,-,3,-,-,-,9,,,,,,,,,,,,,,,,
Phân bón – Vi lượng,bo hữu cơ,bo hữu cơ,Yes,,Blog,30,Viết mới,,,#N/A,Đúng,-,-,-,-,-,-,-,-,-,15,3,3,4,7,,,,,,,,,,,,,,,,
Sâu hại – Lúa,bọ xít hôi hại lúa,bọ xít hôi hại lúa,Yes,,Blog,140,Viết mới,,,#N/A,Đúng,-,-,-,-,-,-,-,-,-,2,5,5,6,7,,,,,,,,,,,,,,,,
Thuốc BVTV,các loại thuốc bảo vệ thực vật sinh học,các loại thuốc bảo vệ thực vật sinh học,No,,Blog,40,Viết mới,,https://www.hoptrisummit.com/san-pham/thuoc-bao-ve-thuc-vat/thuoc-tru-sau,#N/A,Sai,-,-,62,47,48,41,49,42,-,20,10,10,12,18,,,,,,,,,,,,,,,,
Kỹ thuật canh tác – Lúa,cách chăm sóc lúa vụ đông xuân,cách chăm sóc lúa vụ đông xuân,Yes,,Blog,50,Viết mới,,,#N/A,Đúng,-,-,-,-,-,-,-,-,-,-,-,-,-,-,,,,,,,,,,,,,,,,
Kỹ thuật canh tác – Lúa,chăm sóc lúa đông xuân,cách chăm sóc lúa vụ đông xuân,Yes,,Blog,20,Viết mới,,,#N/A,Đúng,-,-,-,-,-,-,-,-,-,-,-,-,-,-,,,,,,,,,,,,,,,,
Kỹ thuật canh tác – Sầu riêng,cách chăm sóc sầu riêng 1 năm tuổi,cách chăm sóc sầu riêng 1 năm tuổi,Yes,,Blog,210,Viết mới,,,#N/A,Đúng,-,-,-,-,-,-,-,-,-,-,-,-,-,-,,,,,,,,,,,,,,,,
Kỹ thuật canh tác – Sầu riêng,cách chăm sóc sầu riêng 2 năm tuổi,cách chăm sóc sầu riêng 1 năm tuổi,Yes,,Blog,70,Viết mới,,,#N/A,Đúng,-,-,-,-,-,-,-,-,-,-,-,-,-,-,,,,,,,,,,,,,,,,
Kỹ thuật canh tác – Sầu riêng,cách chăm sóc sầu riêng mới trồng,cách chăm sóc sầu riêng con,No,,Blog,70,Viết mới,https://www.hoptrisummit.com/quy-trinh-giai-phap/cay-sau-rieng/cach-cham-soc-cay-sau-rieng-con,,https://www.hoptrisummit.com/quy-trinh-giai-phap/cay-sau-rieng/cach-cham-soc-cay-sau-rieng-con,Sai,-,-,-,-,-,-,-,-,-,8,6,6,6,10,,,,,,,,,,,,,,,,
Kỹ thuật canh tác – Sầu riêng,chăm sóc sầu riêng mới trồng,cách chăm sóc sầu riêng con,Yes,,Blog,30,Viết mới,https://www.hoptrisummit.com/quy-trinh-giai-phap/cay-sau-rieng/cach-cham-soc-cay-sau-rieng-con,,https://www.hoptrisummit.com/quy-trinh-giai-phap/cay-sau-rieng/cach-cham-soc-cay-sau-rieng-con,Sai,-,-,-,-,-,-,-,-,-,13,11,11,14,15,,,,,,,,,,,,,,,,
Chuột & động vật hại,cách diệt chuột tận gốc,cách diệt chuột tận gốc,No,,Blog,170,Viết mới,,,#N/A,Đúng,-,-,-,-,-,-,-,-,-,-,-,-,-,-,,,,,,,,,,,,,,,,
Đất & môi trường,cách xử lý mầm bệnh trong đất,cách xử lý mầm bệnh trong đất,Yes,,Blog,50,Viết mới,,,#N/A,Đúng,-,-,-,-,-,-,19,-,-,3,4,4,4,5,,,,,,,,,,,,,,,,
Đất & môi trường,đất tơi xốp,cải tạo đất,No,,Blog,210,Viết mới,https://www.hoptrisummit.com/tin-tuc/tin-nong-nghiep/cai-tao-dat,,https://www.hoptrisummit.com/tin-tuc/tin-nong-nghiep/cai-tao-dat,Sai,-,-,-,-,-,-,-,-,-,-,5,5,-,-,,,,,,,,,,,,,,,,
Kỹ thuật canh tác – Sầu riêng,chăm sóc cây sầu riêng,chăm sóc cây sầu riêng,Yes,,Blog,90,Viết mới,https://www.hoptrisummit.com/quy-trinh-giai-phap/cay-sau-rieng/cham-soc-cay-sau-rieng,,https://www.hoptrisummit.com/quy-trinh-giai-phap/cay-sau-rieng/cham-soc-cay-sau-rieng,Sai,-,-,-,-,-,-,-,-,-,6,4,4,9,6,,,,,,,,,,,,,,,,
Kỹ thuật canh tác – Sầu riêng,cách chăm sóc sầu riêng xanh tốt,chăm sóc cây sầu riêng,Yes,,Blog,50,Viết mới,https://www.hoptrisummit.com/quy-trinh-giai-phap/cay-sau-rieng/cham-soc-cay-sau-rieng,,https://www.hoptrisummit.com/quy-trinh-giai-phap/cay-sau-rieng/cham-soc-cay-sau-rieng,Sai,-,-,-,-,-,-,-,-,-,16,34,34,-,-,,,,,,,,,,,,,,,,
Kỹ thuật canh tác – Sầu riêng,chăm sóc sầu riêng,chăm sóc cây sầu riêng,Yes,,Blog,170,Viết mới,https://www.hoptrisummit.com/quy-trinh-giai-phap/cay-sau-rieng/cham-soc-cay-sau-rieng,,https://www.hoptrisummit.com/quy-trinh-giai-phap/cay-sau-rieng/cham-soc-cay-sau-rieng,Sai,-,-,-,-,-,3,-,-,-,34,34,34,-,-,,,,,,,,,,,,,,,,
Kỹ thuật canh tác – Sầu riêng,kỹ thuật chăm sóc sầu riêng,chăm sóc cây sầu riêng,Yes,,Blog,140,Viết mới,https://www.hoptrisummit.com/quy-trinh-giai-phap/cay-sau-rieng/cham-soc-cay-sau-rieng,,https://www.hoptrisummit.com/quy-trinh-giai-phap/cay-sau-rieng/cham-soc-cay-sau-rieng,Sai,-,-,-,-,-,-,-,-,-,-,-,-,-,-,,,,,,,,,,,,,,,,
Kỹ thuật canh tác – Sầu riêng,kỹ thuật trồng sầu riêng,chăm sóc cây sầu riêng,Yes,,Blog,390,Viết mới,https://www.hoptrisummit.com/quy-trinh-giai-phap/cay-sau-rieng/cham-soc-cay-sau-rieng,,https://www.hoptrisummit.com/quy-trinh-giai-phap/cay-sau-rieng/cham-soc-cay-sau-rieng,Sai,-,-,-,-,-,-,-,-,-,-,-,-,-,-,,,,,,,,,,,,,,,,
Kỹ thuật canh tác – Sầu riêng,kỹ thuật trồng và chăm sóc cây sầu riêng,chăm sóc cây sầu riêng,Yes,,Blog,50,Viết mới,https://www.hoptrisummit.com/quy-trinh-giai-phap/cay-sau-rieng/cham-soc-cay-sau-rieng,,https://www.hoptrisummit.com/quy-trinh-giai-phap/cay-sau-rieng/cham-soc-cay-sau-rieng,Sai,-,-,-,-,-,-,-,-,-,-,-,-,-,-,,,,,,,,,,,,,,,,
Kỹ thuật canh tác – Lúa,chăm sóc lúa vụ hè thu,chăm sóc lúa vụ hè thu,Yes,,Blog,20,Viết mới,,,#N/A,Đúng,-,-,-,-,-,-,-,-,-,2,4,4,4,4,,,,,,,,,,,,,,,,
Kỹ thuật canh tác – Sầu riêng,chăm sóc sầu riêng sau thu hoạch,chăm sóc sầu riêng sau thu hoạch,Yes,,Blog,140,Viết mới,,,#N/A,Đúng,-,-,-,-,-,-,-,-,-,6,9,9,47,49,,,,,,,,,,,,,,,,
Kỹ thuật canh tác – Sầu riêng,phục hồi sầu riêng sau thu hoạch,chăm sóc sầu riêng sau thu hoạch,Yes,,Blog,110,Viết mới,,,#N/A,Đúng,-,-,-,-,-,-,-,-,-,3,5,5,5,4,,,,,,,,,,,,,,,,
Chuột & động vật hại,chuột cắn dây điện,chuột cắn dây điện,Yes,,Blog,90,Viết mới,,,#N/A,Đúng,-,-,-,-,-,-,-,-,-,-,-,-,-,-,,,,,,,,,,,,,,,,
Bệnh lý – Lúa,triệu chứng bệnh đạo ôn,đạo ôn,Yes,,Blog,20,Tối ưu technical,https://www.hoptrisummit.com/quy-trinh-giai-phap/cay-lua/benh-dao-on-la-lua-va-cach-phong-tru,https://www.hoptrisummit.com/quy-trinh-giai-phap/cay-lua/benh-dao-on-la-lua-va-cach-phong-tru,#N/A,Đúng,-,-,1,1,1,1,1,1,-,37,37,37,65,37,,,,,,,,,,,,,,,,
Bệnh lý – Sầu riêng,mắt cua sầu riêng,đen bông sầu riêng,Yes,,Blog,320,Viết mới,https://www.hoptrisummit.com/quy-trinh-giai-phap/cay-sau-rieng/den-bong-sau-rieng,,Indexed,Sai,-,-,-,-,-,6,-,-,-,-,-,-,-,-,,,,,,,,,,,,,,,,
Đất & môi trường,hạ phèn,hạ phèn,No,,Blog,30,Viết mới,,,#N/A,Đúng,-,-,-,-,-,-,-,-,-,-,6,6,-,-,,,,,,,,,,,,,,,,
Bệnh lý – Sầu riêng,thuốc đặc trị thối nhũn,hoạt chất trị nấm phytophthora,Yes,,Sản phẩm,70,Tối ưu content,https://www.hoptrisummit.com/san-pham/thuoc-bao-ve-thuc-vat/thuoc-tru-benh/eddy-72wp,https://www.hoptrisummit.com/tin-tuc/tin-nong-nghiep/benh-thoi-nhun,#N/A,Sai,-,-,-,8,5,-,-,-,-,-,-,-,-,-,,,,,,,,,,,,,,,,
Bệnh lý – Sầu riêng,thuốc trị thối nhũn,hoạt chất trị nấm phytophthora,Yes,,Sản phẩm,40,Tối ưu content,https://www.hoptrisummit.com/san-pham/thuoc-bao-ve-thuc-vat/thuoc-tru-benh/eddy-72wp,https://www.hoptrisummit.com/tin-tuc/tin-nong-nghiep/benh-thoi-nhun,#N/A,Sai,-,-,-,-,-,-,-,-,-,-,-,-,-,-,,,,,,,,,,,,,,,,
Kỹ thuật canh tác – Lúa,cách chăm sóc cây lúa,kỹ thuật chăm sóc lúa gieo sạ,Yes,,Blog,30,Viết mới,https://www.hoptrisummit.com/quy-trinh-giai-phap/cay-lua/ky-thuat-cham-soc-lua-gieo-sa,,https://www.hoptrisummit.com/quy-trinh-giai-phap/cay-lua/ky-thuat-cham-soc-lua-gieo-sa,Sai,-,-,-,-,-,-,-,-,-,-,-,-,-,-,,,,,,,,,,,,,,,,
Kỹ thuật canh tác – Lúa,cách chăm sóc lúa vụ mùa,kỹ thuật chăm sóc lúa gieo sạ,Yes,,Blog,10,Viết mới,https://www.hoptrisummit.com/quy-trinh-giai-phap/cay-lua/ky-thuat-cham-soc-lua-gieo-sa,,https://www.hoptrisummit.com/quy-trinh-giai-phap/cay-lua/ky-thuat-cham-soc-lua-gieo-sa,Sai,-,-,-,-,-,-,-,-,-,-,21,21,22,-,,,,,,,,,,,,,,,,
Kỹ thuật canh tác – Lúa,cách trồng và chăm sóc cây lúa,kỹ thuật chăm sóc lúa gieo sạ,Yes,,Blog,30,Viết mới,https://www.hoptrisummit.com/quy-trinh-giai-phap/cay-lua/ky-thuat-cham-soc-lua-gieo-sa,,https://www.hoptrisummit.com/quy-trinh-giai-phap/cay-lua/ky-thuat-cham-soc-lua-gieo-sa,Sai,-,-,-,-,-,-,-,-,-,1,2,2,1,2,,,,,,,,,,,,,,,,
Bệnh lý – Lúa,lúa bị đổ ngã,lúa bị đổ ngã,Yes,,Blog,20,Viết mới,,,#N/A,Đúng,-,-,-,-,-,-,-,-,-,38,12,12,41,46,,,,,,,,,,,,,,,,
Phân bón lá,phân bón lá là gì,phân bón lá là gì,Yes,,Blog,90,Viết mới,,https://www.hoptrisummit.com/tin-tuc/tin-nong-nghiep/cac-loai-phan-bon-la,#N/A,Sai,-,-,-,-,51,52,53,20,-,-,4,4,-,7,,,,,,,,,,,,,,,,
Phân bón lá,bón phân qua lá,phân bón lá là gì,No,,Blog,30,Viết mới,,https://www.hoptrisummit.com/tin-tuc/tin-nong-nghiep/cac-loai-phan-bon-la,#N/A,Sai,-,-,-,-,40,59,-,-,-,-,26,26,-,-,,,,,,,,,,,,,,,,
Phân bón lá,cách sử dụng phân bón lá cho cây trồng,phân bón lá là gì,Yes,,Blog,10,Viết mới,,,#N/A,Đúng,-,-,-,-,-,-,-,-,-,-,-,-,-,10,,,,,,,,,,,,,,,,
Phân bón lá,phân bón lá npk,phân bón lá npk,Yes,,Sản phẩm,90,,,,#N/A,Đúng,-,-,-,-,-,-,-,-,-,8,18,18,15,15,,,,,,,,,,,,,,,,
Dinh dưỡng – Sầu riêng,phân bón lá cho sầu riêng,phân bón lá sầu riêng,Yes,,Blog,20,Viết mới,,,#N/A,Đúng,-,-,-,-,-,-,-,-,-,1,2,2,2,2,,,,,,,,,,,,,,,,
Dinh dưỡng – Sầu riêng,phân bón lá sầu riêng,phân bón lá sầu riêng,Yes,,Blog,30,Viết mới,,,#N/A,Đúng,-,-,-,-,-,-,-,-,-,2,7,7,7,5,,,,,,,,,,,,,,,,
Sâu hại – Tổng hợp,sử dụng thuốc bảo vệ thực vật,phun thuốc trừ sâu đúng cách,Yes,,Blog,40,Viết mới,https://www.hoptrisummit.com/tin-tuc/tin-nong-nghiep/phun-thuoc-tru-sau-dung-cach,,https://www.hoptrisummit.com/tin-tuc/tin-nong-nghiep/phun-thuoc-tru-sau-dung-cach,Sai,-,-,-,-,-,-,-,-,-,-,36,36,-,-,,,,,,,,,,,,,,,,
Bệnh lý – Tổng hợp,rỉ sắt,rỉ sắt,Yes,,Blog,480,Viết mới,https://hoptrisummit.com/tin-tuc/tin-nong-nghiep/benh-ri-sat,,https://hoptrisummit.com/tin-tuc/tin-nong-nghiep/benh-ri-sat,Sai,-,-,-,-,-,-,-,-,-,-,-,-,-,-,,,,,,,,,,,,,,,,
Bệnh lý – Tổng hợp,bệnh rỉ sắt,rỉ sắt,Yes,,Blog,320,Viết mới,https://hoptrisummit.com/tin-tuc/tin-nong-nghiep/benh-ri-sat,,https://hoptrisummit.com/tin-tuc/tin-nong-nghiep/benh-ri-sat,Sai,-,-,-,-,-,-,-,-,-,-,8,8,7,8,,,,,,,,,,,,,,,,
Bệnh lý – Tổng hợp,bệnh rỉ sét,rỉ sắt,No,,Blog,70,Viết mới,https://hoptrisummit.com/tin-tuc/tin-nong-nghiep/benh-ri-sat,,https://hoptrisummit.com/tin-tuc/tin-nong-nghiep/benh-ri-sat,Sai,-,-,-,-,-,-,-,-,-,-,32,32,-,28,,,,,,,,,,,,,,,,
Kỹ thuật canh tác – Sầu riêng,rước bông sầu riêng,rước bông sầu riêng,Yes,,Blog,10,Viết mới,,,#N/A,Đúng,-,-,-,-,-,-,-,-,-,-,-,-,-,-,,,,,,,,,,,,,,,,
Ốc bươu vàng,tác hại của ốc bươu vàng,tác hại của ốc bươu vàng,Yes,,Blog,170,Viết mới,,,#N/A,Đúng,-,-,-,-,-,-,-,-,-,3,-,-,-,-,,,,,,,,,,,,,,,,
Ốc bươu vàng,tác hại của ốc bươu,tác hại của ốc bươu vàng,Yes,,Blog,30,Viết mới,,,#N/A,Đúng,-,-,-,-,-,-,-,-,-,3,-,-,12,7,,,,,,,,,,,,,,,,
Bệnh lý – Sầu riêng,thối rễ,thối rễ,Yes,,Blog,170,Viết mới,,,#N/A,Đúng,-,-,-,-,-,-,-,-,-,-,-,-,-,-,,,,,,,,,,,,,,,,
Kỹ thuật canh tác – Sầu riêng,thụ phấn cho cây,thụ phấn cho cây,No,,Blog,10,Viết mới,,,#N/A,Đúng,-,-,-,-,-,-,-,-,-,-,-,-,-,-,,,,,,,,,,,,,,,,
Thuốc trừ cỏ,thuốc diệt cỏ mạnh nhất,thuốc diệt cỏ,Yes,,DMSP,880,Tối ưu technical,https://www.hoptrisummit.com/san-pham/thuoc-bao-ve-thuc-vat/thuoc-tru-co,,https://www.hoptrisummit.com/san-pham/thuoc-bao-ve-thuc-vat/thuoc-tru-co,Sai,-,-,-,-,-,-,-,-,-,47,58,58,64,62,,,,,,,,,,,,,,,,
Thuốc trừ cỏ,thuốc diệt cỏ tận gốc,thuốc diệt cỏ,Yes,,DMSP,480,Tối ưu technical,https://www.hoptrisummit.com/san-pham/thuoc-bao-ve-thuc-vat/thuoc-tru-co,,https://www.hoptrisummit.com/san-pham/thuoc-bao-ve-thuc-vat/thuoc-tru-co,Sai,-,-,-,-,-,-,-,-,-,8,16,16,-,-,,,,,,,,,,,,,,,,
Thuốc trừ cỏ,thuốc cỏ,thuốc diệt cỏ,No,,DMSP,1300,Tối ưu technical,https://www.hoptrisummit.com/san-pham/thuoc-bao-ve-thuc-vat/thuoc-tru-co,https://www.hoptrisummit.com/san-pham/thuoc-bao-ve-thuc-vat/thuoc-tru-co,https://www.hoptrisummit.com/san-pham/thuoc-bao-ve-thuc-vat/thuoc-tru-co,Đúng,-,-,-,15,-,-,-,19,-,-,-,-,-,-,,,,,,,,,,,,,,,,
Thuốc trừ cỏ,thuốc diệt cỏ,thuốc diệt cỏ,Yes,,DMSP,3600,Tối ưu technical,https://www.hoptrisummit.com/san-pham/thuoc-bao-ve-thuc-vat/thuoc-tru-co,,https://www.hoptrisummit.com/san-pham/thuoc-bao-ve-thuc-vat/thuoc-tru-co,Sai,-,-,-,-,-,-,44,24,-,12,8,8,-,-,,,,,,,,,,,,,,,,
Thuốc trừ cỏ,thuốc diệt cỏ dại,thuốc diệt cỏ,Yes,,DMSP,210,Tối ưu technical,https://www.hoptrisummit.com/san-pham/thuoc-bao-ve-thuc-vat/thuoc-tru-co,,https://www.hoptrisummit.com/san-pham/thuoc-bao-ve-thuc-vat/thuoc-tru-co,Sai,-,-,-,-,-,-,-,-,-,9,86,86,-,-,,,,,,,,,,,,,,,,
Thuốc trừ cỏ,thuốc diệt cỏ không hại cây trồng,thuốc diệt cỏ,Yes,,DMSP,110,Tối ưu technical,https://www.hoptrisummit.com/san-pham/thuoc-bao-ve-thuc-vat/thuoc-tru-co,https://www.hoptrisummit.com/san-pham/thuoc-bao-ve-thuc-vat/thuoc-tru-co,https://www.hoptrisummit.com/san-pham/thuoc-bao-ve-thuc-vat/thuoc-tru-co,Đúng,-,-,-,-,-,-,-,-,-,-,-,-,-,-,,,,,,,,,,,,,,,,
Thuốc trừ cỏ,thuốc diệt cỏ sinh học,thuốc diệt cỏ,Yes,,DMSP,390,Tối ưu technical,https://www.hoptrisummit.com/san-pham/thuoc-bao-ve-thuc-vat/thuoc-tru-co,,https://www.hoptrisummit.com/san-pham/thuoc-bao-ve-thuc-vat/thuoc-tru-co,Sai,-,-,-,-,-,-,-,-,-,-,-,-,-,-,,,,,,,,,,,,,,,,
Thuốc trừ cỏ,thuốc trừ cỏ sinh học,thuốc diệt cỏ,Yes,,DMSP,170,Tối ưu technical,https://www.hoptrisummit.com/san-pham/thuoc-bao-ve-thuc-vat/thuoc-tru-co,,https://www.hoptrisummit.com/san-pham/thuoc-bao-ve-thuc-vat/thuoc-tru-co,Sai,-,-,-,-,-,-,24,-,-,-,-,-,-,-,,,,,,,,,,,,,,,,
Thuốc trừ cỏ,thuốc diệt mầm cỏ,thuốc diệt mầm cỏ,Yes,,Blog,90,Viết mới,,https://www.hoptrisummit.com/tin-tuc/tin-nong-nghiep/thuoc-tru-co-hau-nay-mam-som,#N/A,Sai,-,-,23,26,25,22,27,-,-,-,-,-,-,-,,,,,,,,,,,,,,,,
Thuốc trừ cỏ,thuốc đặc trị cỏ gạo,thuốc đặc trị cỏ gạo,Yes,,Sản phẩm,140,,,,#N/A,Đúng,-,-,-,-,-,-,-,-,-,1,1,1,1,1,,,,,,,,,,,,,,,,
Bệnh lý – Tổng hợp,thuốc đặc trị rỉ sắt,thuốc đặc trị rỉ sắt,Yes,,Sản phẩm,140,Tối ưu content,https://www.hoptrisummit.com/san-pham/thuoc-bao-ve-thuc-vat/thuoc-tru-benh/norshield-86-2wg,,https://www.hoptrisummit.com/san-pham/thuoc-bao-ve-thuc-vat/thuoc-tru-benh/norshield-86-2wg,Sai,-,-,-,-,-,-,-,-,-,7,4,4,7,5,,,,,,,,,,,,,,,,
Bệnh lý – Tổng hợp,thuốc trị bệnh rỉ sắt,thuốc đặc trị rỉ sắt,Yes,,Sản phẩm,110,Tối ưu content,https://www.hoptrisummit.com/san-pham/thuoc-bao-ve-thuc-vat/thuoc-tru-benh/norshield-86-2wg,,https://www.hoptrisummit.com/san-pham/thuoc-bao-ve-thuc-vat/thuoc-tru-benh/norshield-86-2wg,Sai,-,-,-,-,-,-,-,-,-,11,7,7,12,11,,,,,,,,,,,,,,,,
Bệnh lý – Tổng hợp,thuốc trị rỉ sắt,thuốc đặc trị rỉ sắt,Yes,,Sản phẩm,50,Tối ưu content,https://www.hoptrisummit.com/san-pham/thuoc-bao-ve-thuc-vat/thuoc-tru-benh/norshield-86-2wg,,https://www.hoptrisummit.com/san-pham/thuoc-bao-ve-thuc-vat/thuoc-tru-benh/norshield-86-2wg,Sai,-,-,-,-,-,-,-,-,-,-,-,-,-,-,,,,,,,,,,,,,,,,
Sâu hại – Lúa,thuốc đặc trị sâu cuốn lá,thuốc đặc trị sâu cuốn lá,Yes,,Sản phẩm,70,Tối ưu content,https://www.hoptrisummit.com/san-pham/thuoc-bao-ve-thuc-vat/thuoc-tru-sau/permecide-50ec,,https://www.hoptrisummit.com/san-pham/thuoc-bao-ve-thuc-vat/thuoc-tru-sau/permecide-50ec,Sai,-,-,-,-,-,-,-,40,-,26,25,25,27,19,,,,,,,,,,,,,,,,
Sâu hại – Lúa,thuốc trừ sâu cuốn lá,thuốc đặc trị sâu cuốn lá,Yes,,Sản phẩm,140,Tối ưu content,https://www.hoptrisummit.com/san-pham/thuoc-bao-ve-thuc-vat/thuoc-tru-sau/permecide-50ec,https://www.hoptrisummit.com/quy-trinh-giai-phap/cay-lua/sau-cuon-la-lua-loai-nho,https://www.hoptrisummit.com/san-pham/thuoc-bao-ve-thuc-vat/thuoc-tru-sau/permecide-50ec,Sai,-,-,-,30,-,-,19,-,-,3,8,8,6,5,,,,,,,,,,,,,,,,
Sâu hại – Lúa,thuốc trừ sâu cuốn lá sâu đục thân,thuốc đặc trị sâu cuốn lá,Yes,,Sản phẩm,170,Tối ưu content,https://www.hoptrisummit.com/san-pham/thuoc-bao-ve-thuc-vat/thuoc-tru-sau/permecide-50ec,,https://www.hoptrisummit.com/san-pham/thuoc-bao-ve-thuc-vat/thuoc-tru-sau/permecide-50ec,Sai,-,-,-,-,-,-,23,22,-,3,6,6,-,12,,,,,,,,,,,,,,,,
Bệnh lý – Hoa cảnh,thuốc trị rỉ sắt hoa lan,thuốc trị rỉ sắt hoa lan,Yes,,Blog,10,Viết mới,,,#N/A,Đúng,-,-,-,-,-,-,-,-,-,2,2,2,2,3,,,,,,,,,,,,,,,,
Bệnh lý – Tổng hợp,thuốc trị rỉ sắt thán thư,thuốc trị rỉ sắt thán thư,Yes,,Blog,170,Viết mới,,https://www.hoptrisummit.com/san-pham/thuoc-bao-ve-thuc-vat/thuoc-tru-benh/norshield-86-2wg,#N/A,Sai,-,-,-,-,-,-,-,-,-,1,2,2,2,2,,,,,,,,,,,,,,,,
Bệnh lý – Rau màu,thuốc trị thối nhũn bắp cải,thuốc trị thối nhũn bắp cải,Yes,,Blog,10,Viết mới,https://www.hoptrisummit.com/quy-trinh-giai-phap/cay-trong-khac/benh-thoi-nhun-tren-rau-cai,,https://www.hoptrisummit.com/quy-trinh-giai-phap/cay-trong-khac/benh-thoi-nhun-tren-rau-cai,Sai,-,-,-,-,-,-,-,-,-,73,61,61,-,-,,,,,,,,,,,,,,,,
Kỹ thuật canh tác – Lúa,thuốc trị vàng lá lúa,thuốc trị vàng lá lúa,Yes,,Sản phẩm,40,Tối ưu content,https://www.hoptrisummit.com/san-pham/thuoc-bao-ve-thuc-vat/thuoc-tru-benh/keviar-325sc,,https://www.hoptrisummit.com/san-pham/thuoc-bao-ve-thuc-vat/thuoc-tru-benh/keviar-325sc,Sai,-,-,-,-,-,-,-,-,-,5,1,1,1,1,,,,,,,,,,,,,,,,
Bệnh lý – Lúa,thuốc vi khuẩn lúa,thuốc trị vi khuẩn lúa,Yes,,Sản phẩm,10,Tối ưu content,,https://www.hoptrisummit.com/quy-trinh-giai-phap/cay-lua/benh-dao-on-la-lua-va-cach-phong-tru,#N/A,Sai,-,-,-,-,-,-,-,-,-,-,-,-,-,-,,,,,,,,,,,,,,,,
Thuốc trừ cỏ,thuốc trừ cỏ chọn lọc,thuốc trừ cỏ chọn lọc,Yes,,Blog,40,Viết mới,,https://www.hoptrisummit.com/san-pham/thuoc-bao-ve-thuc-vat/thuoc-tru-co,#N/A,Sai,-,-,47,43,39,42,43,42,-,4,-,-,7,3,,,,,,,,,,,,,,,,
Thuốc trừ cỏ,thuốc cỏ chọn lọc,thuốc trừ cỏ chọn lọc,Yes,,Blog,50,Viết mới,,https://www.hoptrisummit.com/san-pham/thuoc-bao-ve-thuc-vat/thuoc-tru-co,#N/A,Sai,-,-,38,38,40,33,33,41,-,4,5,5,5,5,,,,,,,,,,,,,,,,
Thuốc trừ cỏ,thuốc trừ cỏ hậu nảy mầm cho lúa,thuốc trừ cỏ hậu nảy mầm,No,,Sản phẩm,50,Tối ưu content,https://www.hoptrisummit.com/san-pham/thuoc-bao-ve-thuc-vat/thuoc-tru-co/hilton-usa-320ec,https://www.hoptrisummit.com/tin-tuc/tin-nong-nghiep/thuoc-tru-co-hau-nay-mam-som,https://www.hoptrisummit.com/san-pham/thuoc-bao-ve-thuc-vat/thuoc-tru-co/hilton-usa-320ec,Sai,-,-,25,17,22,20,19,-,-,2,5,5,6,3,,,,,,,,,,,,,,,,
Thuốc trừ cỏ,thuốc đặc trị lúa cỏ,thuốc trừ cỏ hậu nảy mầm,Yes,,Sản phẩm,50,Tối ưu content,https://www.hoptrisummit.com/san-pham/thuoc-bao-ve-thuc-vat/thuoc-tru-co/hilton-usa-320ec,https://www.hoptrisummit.com/quy-trinh-giai-phap/cay-lua/phong-tru-co-dai-dau-vu,https://www.hoptrisummit.com/san-pham/thuoc-bao-ve-thuc-vat/thuoc-tru-co/hilton-usa-320ec,Sai,-,-,-,38,-,-,-,-,-,3,7,7,7,7,,,,,,,,,,,,,,,,
Thuốc trừ cỏ,thuốc diệt mầm cỏ lúa,thuốc trừ cỏ hậu nảy mầm,Yes,,Sản phẩm,90,Tối ưu content,https://www.hoptrisummit.com/san-pham/thuoc-bao-ve-thuc-vat/thuoc-tru-co/hilton-usa-320ec,,https://www.hoptrisummit.com/san-pham/thuoc-bao-ve-thuc-vat/thuoc-tru-co/hilton-usa-320ec,Sai,-,-,-,-,-,-,-,-,-,-,-,-,5,-,,,,,,,,,,,,,,,,
Thuốc trừ cỏ,thuốc trừ cỏ lúa,thuốc trừ cỏ hậu nảy mầm,Yes,,Sản phẩm,90,Tối ưu content,https://www.hoptrisummit.com/san-pham/thuoc-bao-ve-thuc-vat/thuoc-tru-co/hilton-usa-320ec,,https://www.hoptrisummit.com/san-pham/thuoc-bao-ve-thuc-vat/thuoc-tru-co/hilton-usa-320ec,Sai,-,-,-,-,-,-,-,-,-,9,-,-,-,-,,,,,,,,,,,,,,,,
Thuốc BVTV,thuốc trừ nấm bệnh sinh học,thuốc trừ nấm bệnh,Yes,,Sản phẩm,70,Tối ưu content,,https://www.hoptrisummit.com/tin-tuc/tin-nong-nghiep/thuoc-tru-benh-sinh-hoc,#N/A,Sai,-,-,9,16,18,18,65,50,-,-,-,-,-,-,,,,,,,,,,,,,,,,
Sâu hại – Rau màu,thuốc trừ sâu cho rau cải,thuốc trừ sâu cho rau cải,Yes,,Blog,70,Viết mới,,,#N/A,Đúng,-,-,-,-,-,-,-,-,-,-,-,-,-,-,,,,,,,,,,,,,,,,
Sâu hại – Tổng hợp,thuốc trừ sâu sinh học là gì,thuốc trừ sâu sinh học là gì,Yes,,Blog,90,Viết mới,https://www.hoptrisummit.com/tin-tuc/tin-nong-nghiep/thuoc-tru-sau-sinh-hoc-la-gi,https://www.hoptrisummit.com/san-pham/thuoc-bao-ve-thuc-vat/thuoc-tru-sau,https://www.hoptrisummit.com/tin-tuc/tin-nong-nghiep/thuoc-tru-sau-sinh-hoc-la-gi,Sai,-,-,-,-,-,12,11,30,-,25,69,69,26,-,,,,,,,,,,,,,,,,
Sâu hại – Tổng hợp,ưu điểm của thuốc trừ sâu sinh học,thuốc trừ sâu sinh học là gì,Yes,,Blog,30,Viết mới,https://www.hoptrisummit.com/tin-tuc/tin-nong-nghiep/thuoc-tru-sau-sinh-hoc-la-gi,https://www.hoptrisummit.com/tin-tuc/tin-nong-nghiep/thuoc-tru-sau-sinh-hoc-la-gi,https://www.hoptrisummit.com/tin-tuc/tin-nong-nghiep/thuoc-tru-sau-sinh-hoc-la-gi,Đúng,-,-,11,13,-,17,16,-,-,16,74,74,6,10,,,,,,,,,,,,,,,,
Bệnh lý – Lúa,thuốc vô gạo cho lúa,thuốc vô gạo cho lúa,Yes,7,Sản phẩm,20,Tối ưu content,https://www.hoptrisummit.com/san-pham/dinh-duong-cay-trong/phan-bon-la/hop-tri-hk-npk-7-5-44-te,,https://www.hoptrisummit.com/san-pham/dinh-duong-cay-trong/phan-bon-la/hop-tri-hk-npk-7-5-44-te,Sai,-,-,-,-,-,-,-,-,-,-,-,-,-,-,,,,,,,,,,,,,,,,
Bệnh lý – Lúa,vô gạo,thuốc vô gạo cho lúa,Yes,,Sản phẩm,140,Tối ưu content,https://www.hoptrisummit.com/san-pham/dinh-duong-cay-trong/phan-bon-la/hop-tri-hk-npk-7-5-44-te,,https://www.hoptrisummit.com/san-pham/dinh-duong-cay-trong/phan-bon-la/hop-tri-hk-npk-7-5-44-te,Sai,-,-,-,-,-,-,-,-,-,10,7,7,7,6,,,,,,,,,,,,,,,,
Nông nghiệp bền vững,tín chỉ carbon,tín chỉ carbon,Yes,,Blog,1600,Viết mới,https://www.hoptrisummit.com/quy-trinh-giai-phap/cay-lua/tin-chi-carbon,https://www.hoptrisummit.com/quy-trinh-giai-phap/cay-lua/tin-chi-carbon,https://www.hoptrisummit.com/quy-trinh-giai-phap/cay-lua/tin-chi-carbon,Đúng,-,-,-,-,-,-,-,-,-,8,66,66,9,-,,,,,,,,,,,,,,,,
Nông nghiệp bền vững,bán tín chỉ carbon,tín chỉ carbon,No,,Blog,110,Viết mới,https://www.hoptrisummit.com/quy-trinh-giai-phap/cay-lua/tin-chi-carbon,,https://www.hoptrisummit.com/quy-trinh-giai-phap/cay-lua/tin-chi-carbon,Sai,-,-,-,-,-,-,-,-,-,2,13,13,6,-,,,,,,,,,,,,,,,,
Nông nghiệp bền vững,mua bán tín chỉ carbon,tín chỉ carbon,Yes,,Blog,70,Viết mới,https://www.hoptrisummit.com/quy-trinh-giai-phap/cay-lua/tin-chi-carbon,,https://www.hoptrisummit.com/quy-trinh-giai-phap/cay-lua/tin-chi-carbon,Sai,-,-,-,-,-,-,-,-,-,2,-,-,-,-,,,,,,,,,,,,,,,,
Bệnh lý – Lúa,vi khuẩn lúa,vi khuẩn lúa,Yes,,Blog,20,Viết mới,,https://www.hoptrisummit.com/quy-trinh-giai-phap/cay-lua/benh-dao-on-la-lua-va-cach-phong-tru,#N/A,Sai,-,-,-,-,-,-,45,46,-,3,-,-,-,7,,,,,,,,,,,,,,,,
Sâu hại – Tổng hợp,xịt thuốc trừ sâu,xịt thuốc trừ sâu,Yes,,Blog,90,Viết mới,,https://www.hoptrisummit.com/tin-tuc/tin-nong-nghiep/phun-thuoc-tru-sau-dung-cach,#N/A,Sai,-,-,-,-,-,15,-,10,-,5,8,8,7,11,,,,,,,,,,,,,,,,
